event,n_windows,n_fire,evaluable,in_primary,in_sensitivity,d7_restored,block,volatility_V,vol_tertile,MAE_M2_t1,MAE_M2_t3,MAE_M2_t6,MAE_M2_t12,MAE_B6_t1,MAE_B6_t3,MAE_B6_t6,MAE_B6_t12,MAE_M1_t1,MAE_M1_t3,MAE_M1_t6,MAE_M1_t12,MAE_B1_t1,MAE_B1_t3,MAE_B1_t6,MAE_B1_t12,SS_M2_t1,SS_B6_t1,SS_M1_t1,SS_M2_t3,SS_B6_t3,SS_M1_t3,SS_M2_t6,SS_B6_t6,SS_M1_t6,SS_M2_t12,SS_B6_t12,SS_M1_t12,n_fire_calm,SS_M2_t6_calm,SS_B6_t6_calm,n_fire_exc,SS_M2_t6_exc,SS_B6_t6_exc
al_delvine_2025_0724,205,136,True,True,True,False,A2025,1.0431152894005133,mid,119.06021118164062,122.17716217041016,135.12985229492188,108.55043029785156,131.09364318847656,149.83514404296875,152.05691528320312,119.31907653808594,129.46034240722656,121.57064056396484,135.70547485351562,130.8170928955078,147.97647094726562,191.1558837890625,241.3338165283203,251.90589904785156,0.1954112000409166,0.11409129877685487,0.1251288696203443,0.3608506327472989,0.21616253147452436,0.36402354897892586,0.440070793895291,0.3699311705644891,0.4376856223230916,0.5690834128611195,0.5263347266217838,0.48069063332789186,91,0.41890008127717326,0.3231303122441215,45,0.5171513811603263,0.5403284601195169
al_finiq_2025_0806,349,211,True,True,True,False,A2025,1.0421179160738308,mid,1210.78173828125,1584.6207275390625,1798.1917724609375,1803.556884765625,915.333251953125,1627.3564453125,1717.29052734375,1632.058349609375,1105.6815185546875,1499.1202392578125,1691.6944580078125,1870.8570556640625,1269.521728515625,1825.1748046875,2303.154296875,2695.27734375,0.046269385481929604,0.2789936309137703,0.12905664100173064,0.131797829189092,0.10838324026112656,0.17864292482687072,0.2192482392947851,0.25437452033768226,0.26548800473196155,0.3308455291445831,0.3944748011205943,0.30587586468519157,189,0.2799072781514348,0.2900491617868143,22,-0.6578013258927882,-0.2614324573011966
al_tirane_2025_0722,277,134,True,True,True,False,A2025,0.9074962213443313,mid,366.8704833984375,415.11822509765625,403.326171875,410.24066162109375,265.354248046875,378.9347839355469,414.4215087890625,414.9710388183594,300.6136169433594,364.9924011230469,413.5760803222656,418.5454406738281,354.3678894042969,504.16046142578125,670.8887939453125,747.6783447265625,-0.03528139644694628,0.25118991877920005,0.15169058503381916,0.17661487391595687,0.24838456616786708,0.27603921955554156,0.398818141672706,0.3822798762937094,0.3835400381482922,0.4513139714229317,0.4449872171032041,0.44020654921215263,84,0.3444023728453146,0.3381096967356776,50,0.5596489345817283,0.5128288880032484
ba_n_a_2025_0706,253,144,True,True,True,False,A2025,1.0959944246049582,high,102.55269622802734,125.24723052978516,129.87510681152344,131.94357299804688,95.05487823486328,127.43534088134766,130.2992706298828,130.0294952392578,108.15644073486328,129.54269409179688,137.6116943359375,140.00982666015625,127.80555725097656,173.6013946533203,208.06459045410156,217.83262634277344,0.19758812970361872,0.25625395108445514,0.15374227020134634,0.27853557409546037,0.26593135305258153,0.25379231917755085,0.375794283265256,0.37375566719207587,0.3386106975934753,0.3942892062898544,0.4030761258203436,0.35725961252543537,108,0.2829789764393409,0.2816894804870015,36,0.494851488049151,0.4918518689026815
ba_n_a_2025_0811,397,125,True,False,False,False,A2025,0.8785753414360258,mid,64.04290008544922,68.75019073486328,83.8979263305664,70.69435119628906,58.5081787109375,64.93704223632812,69.77269744873047,67.34730529785156,71.29159545898438,71.14588928222656,70.83525848388672,68.93914794921875,75.41600036621094,89.20320129394531,106.43360137939453,100.71839904785156,0.15080487198386716,0.224194091083737,0.05468872503446154,0.2292856115296199,0.2720323789462953,0.2024289683530045,0.21173459092582214,0.344448590064919,0.3344652669283784,0.2980989385792163,0.33133066118480803,0.3155257768099988,86,0.27739763717476507,0.28598406473021576,39,0.14389212574113763,0.40485377779536036
cy_n34e32_2025_0723,181,118,True,True,True,False,A2025,0.9874441907831304,mid,162.4813995361328,168.23133850097656,166.88059997558594,136.4926300048828,131.34158325195312,161.9888153076172,164.57566833496094,172.49574279785156,168.29498291015625,184.7628173828125,171.72679138183594,141.18682861328125,180.2923583984375,244.2296600341797,249.9601593017578,224.11355590820312,0.09878931653300205,0.2715077642853032,0.06654400438740515,0.3111756431326451,0.33673569670060954,0.24348739069220693,0.33237120490820404,0.34159240098626553,0.3129833495804294,0.39096664879660303,0.23031990591186824,0.37002102331056064,78,0.14811067749802698,0.14899765481615912,40,0.4238513967553038,0.4372100815354554
es_avila_2025_0808,349,47,True,False,False,False,A2025,1.4829332533307982,high,403.25653076171875,449.5977783203125,456.3972473144531,452.50506591796875,337.3424072265625,494.1378479003906,458.8996887207031,466.1400146484375,519.0062866210938,458.3915100097656,458.7488098144531,466.2638854980469,687.4786376953125,696.5595703125,757.031982421875,879.680908203125,0.41342681990296215,0.5093048878471899,0.24505830703191234,0.3545451136094393,0.290602169633957,0.3419205915093295,0.3971228984879078,0.3938173031308342,0.3940166063435826,0.485603175312426,0.47010329506798587,0.46996248167934207,34,0.0702743591964754,0.07011395249547336,13,0.8955251897833004,0.8874230613567733
es_buron_2025_0810,325,291,True,True,True,False,A2025,0.9895767329635048,mid,2501.000732421875,3070.4765625,3127.91796875,3452.528564453125,1844.075439453125,3242.206298828125,3530.025634765625,3755.2900390625,2197.504150390625,2875.598876953125,3246.2021484375,3470.96826171875,2260.1630859375,2691.775634765625,3167.1943359375,3750.01123046875,-0.10655764089894304,0.18409629334857702,0.027723192161102195,-0.14068814757190884,-0.20448608604425034,-0.06829069994294135,0.012400996914473827,-0.11455921561590121,-0.024945678767960278,0.07932847336524906,-0.0014076780759642027,0.07441123548718542,241,0.04258868675240546,-0.10801047767886818,50,-0.09827268276948975,-0.1385679961628219
es_caceres_2025_0808,349,107,True,False,False,False,A2025,0.9724523831731698,mid,1299.520263671875,1644.501708984375,1843.3677978515625,1756.94189453125,1042.266357421875,1681.275146484375,2005.806396484375,1881.158447265625,1153.1004638671875,1674.3831787109375,1910.576416015625,2001.2259521484375,1325.51953125,2246.42431640625,3179.951416015625,3703.762939453125,0.019614397951274953,0.2136921917408563,0.1300765951145335,0.2679469782382028,0.2515772135274874,0.2546451859150295,0.42031573546452417,0.3692336347082985,0.39918062697652323,0.5256332753330403,0.49209534248879727,0.45967763464798683,78,0.4326996625768763,0.35965253938659314,29,0.403167690206952,0.3825006815497076
es_carballeda_de_avia_2025_0815,181,104,True,False,False,False,A2025,0.8778904663446933,mid,451.7949523925781,581.2254638671875,651.4998779296875,624.583740234375,211.79237365722656,441.9267272949219,627.8916625976562,613.6566772460938,361.14251708984375,577.1534423828125,628.1140747070312,602.2650756835938,341.7259521484375,686.860595703125,967.2635498046875,995.866455078125,-0.32209728161450646,0.38022742397618936,-0.05681911139418583,0.15379413595243585,0.3565990973138725,0.15972259000824984,0.32645050249103247,0.3508577236013475,0.3506277840885643,0.3728237987638846,0.38379621673475006,0.39523510144103957,74,0.1259724592872048,0.18824364968602658,30,0.5538033712273353,0.5352705939385652
es_llerena_2025_0814,205,41,True,True,True,False,A2025,1.2218125149885242,high,50.35606002807617,52.47611999511719,54.51755905151367,41.16529846191406,47.10041809082031,123.41071319580078,56.206138610839844,43.23637008666992,51.60824203491211,50.06835174560547,51.43136215209961,39.25083923339844,50.31219482421875,50.31219482421875,50.31219482421875,37.27804946899414,-0.000871860271862035,0.06383694340149093,-0.02576010081097646,-0.04300995371914862,-1.4528986188532298,0.004846599904162807,-0.0835853860478093,-0.11714741937244866,-0.022244454486452403,-0.1042771563504985,-0.1598345595477464,-0.052920949258494776,33,-0.11046023478001166,-0.2442694064641513,8,-0.006722661242335004,0.24642509202671203
es_murias_de_paredes_2025_0821,181,169,True,False,False,False,A2025,0.7297570722110295,low,2185.16943359375,2743.944580078125,3015.944580078125,2992.92578125,1492.0992431640625,2804.21875,3222.2666015625,3125.00341796875,1771.6236572265625,2542.935302734375,2978.8095703125,3009.22119140625,1718.671630859375,2514.43408203125,3428.970703125,4341.24560546875,-0.27142927965891617,0.13182994565519257,-0.030809856528969615,-0.09127719819223423,-0.1152484648691412,-0.011335043899858732,0.12045192531696547,0.060281676181753285,0.1312817086486754,0.3105836312325305,0.28015972788267873,0.30683000574409414,135,0.17577083008130834,0.11503748095662258,34,-0.31469359099763294,-0.3704357800553668
es_navaconcejo_2025_0812,205,200,True,True,True,False,A2025,0.698647039684775,low,2524.371826171875,3187.847412109375,3372.864990234375,3225.597900390625,1526.017822265625,2697.45166015625,3003.487548828125,3153.136962890625,1693.0859375,2260.76416015625,2818.306884765625,3084.728759765625,1672.6031494140625,2122.027587890625,2872.340087890625,3549.027587890625,-0.5092473232853827,0.08763903571495035,-0.012246053759442432,-0.5022648293079992,-0.271167102420953,-0.06537925004242484,-0.17425683833675953,-0.045658751026871336,0.018811561817765332,0.0911319169801752,0.11154904130663545,0.1308242375204971,152,-0.2415149169947921,-0.08606360644554378,48,-0.07128555526413072,0.016200478716922984
es_oimbra_2025_0813,229,220,True,False,False,False,A2025,0.889396814880961,mid,5497.724609375,7262.0615234375,8058.59228515625,8272.3447265625,3590.854248046875,7578.138671875,8406.146484375,8684.7705078125,4530.7822265625,6040.60791015625,7024.3076171875,7342.91064453125,4952.5283203125,7703.14794921875,10940.806640625,13363.14453125,-0.11008443643348986,0.2749452368966372,0.08515773489274836,0.05726054188352758,0.01622833654083311,0.21582605579204983,0.2634370983915041,0.2316703182412888,0.35797168820212033,0.38095822377603983,0.35009529474870393,0.4505102726862157,163,0.20221618839557398,0.19917050922661073,57,0.4085125583146013,0.3086850522527662
es_peranzanes_2025_0810,181,181,True,False,False,False,A2025,0.8958379429098421,mid,4100.041015625,4979.7451171875,5046.1328125,5164.2333984375,2662.625,4389.28662109375,4985.26318359375,5442.70947265625,3286.780029296875,4037.580078125,4455.96630859375,4978.56884765625,3137.437744140625,4302.7041015625,4797.033203125,5289.8095703125,-0.30681191149755915,0.1513377420882277,-0.04760007921596432,-0.15735244619288058,-0.020122815208186928,0.06161800048979005,-0.05192784765649017,-0.03923883210692147,0.07109954842694521,0.023739261348794005,-0.02890461373162756,0.05883779340621198,151,-0.019008489196352008,-0.00036288741616230524,30,-0.18600067130831355,-0.1975720103116516
es_puertas_2025_0813,181,66,True,True,True,False,A2025,1.2804759550903553,high,1195.4150390625,1533.1513671875,1601.898193359375,1618.4766845703125,787.869140625,1360.451171875,1655.24267578125,1547.147705078125,1001.17529296875,1462.5133056640625,1641.768798828125,1700.4425048828125,1075.560546875,1921.378662109375,2879.26953125,3276.024169921875,-0.11143444461191199,0.2674804380709913,0.06915952256000235,0.20205662869996788,0.2919401059750314,0.23882088705073345,0.44364423824402077,0.4251171493963448,0.4297967658083851,0.5059631429370959,0.527736175061547,0.48094323586038623,42,0.37882666902302875,0.33762118086874826,24,0.4803425336320033,0.4746554994768639
es_rua_a_2025_0808,397,397,True,False,True,True,A2025,0.6854530528585924,low,11362.6484375,14538.33984375,15768.01171875,17254.56640625,8423.8271484375,15098.6572265625,16613.73046875,17806.80859375,8838.6826171875,12283.4970703125,14354.2138671875,16062.58984375,8941.765625,13207.50390625,17455.931640625,21905.556640625,-0.2707387907519663,0.05792351290380637,0.011528260987325956,-0.10076362247905357,-0.14318779185956365,0.06996074674641928,0.09669606622122207,0.04824727715563193,0.17768846930053883,0.21232011177243926,0.1871099700463058,0.2667344588741887,315,0.03194149931588064,-0.012104750729593716,82,0.26312572081377683,0.20336168816092304
es_una_de_quintana_2025_0810,181,179,True,False,False,False,A2025,1.0565456689534196,mid,2502.689697265625,2897.32080078125,2765.29638671875,2781.11279296875,1698.2247314453125,2547.197509765625,2666.92822265625,2692.995849609375,2141.4052734375,2554.817138671875,2603.4580078125,2756.9365234375,2453.947509765625,3366.376708984375,3491.887451171875,3954.55029296875,-0.019862766952442046,0.307962079593337,0.12736304875485116,0.13933553750870553,0.24334151226524314,0.24107806121239028,0.20807974902206017,0.2362502343077436,0.254426712138508,0.2967309587859812,0.31901337697043275,0.30284449072771313,127,0.1543330894295979,0.18506823373320658,52,0.2556929002381899,0.2815913369122589
es_valmojado_2025_0717,181,27,True,True,True,False,A2025,1.1462784863860478,high,115.23938751220703,116.72325897216797,116.43709564208984,116.28490447998047,98.14511108398438,124.51183319091797,127.04469299316406,117.77780151367188,160.75283813476562,143.71490478515625,127.13447570800781,120.9736328125,201.05184936523438,220.9851837158203,220.9851837158203,220.9851837158203,0.42681757031311307,0.5118417891014162,0.20044088804804205,0.4718050458881884,0.43656026572787754,0.3496627132705471,0.4730999894009902,0.4250985932317555,0.42469230936541624,0.47378868336476787,0.4670330402551772,0.45257129560292997,18,0.6960893040098186,0.6258006264065379,9,8.980924444679239e-06,-0.0007081997780058469
es_villablino_2025_0809,181,181,True,False,False,False,A2025,0.8942853153911272,mid,2996.69677734375,3823.772705078125,4014.953125,4482.54833984375,2119.468505859375,3397.634033203125,4007.519775390625,4723.853515625,2510.728759765625,3129.83056640625,3583.45263671875,4337.71337890625,2372.323486328125,3242.054931640625,3628.439453125,4120.25048828125,-0.2631906207622756,0.10658537165187287,-0.0583416529133316,-0.17942872212320138,-0.047987805525481875,0.03461519548577929,-0.10652339025310575,-0.10447475482583601,0.012398392473520592,-0.08793102569684574,-0.14649668243727132,-0.052779046138943464,156,-0.13155156775308297,-0.11416373469159757,25,0.013019811122229386,-0.05819608415754418
fr_coustouge_2025_0805,181,133,True,True,True,False,A2025,1.114590777387728,high,222.3855438232422,243.2292938232422,242.55027770996094,233.06124877929688,183.81744384765625,242.97923278808594,294.1544189453125,237.34104919433594,189.5979461669922,251.53585815429688,260.7218322753906,249.9653778076172,217.9044952392578,339.4962463378906,432.0977478027344,429.5797119140625,-0.02056427784596271,0.15643115280469178,0.12990346546630538,0.2835582235534845,0.2842947885018562,0.2590909005104267,0.4386680353152582,0.3192410271955344,0.39661376713674057,0.45746681624964447,0.4475040542840718,0.41811642664907134,111,0.4010921168631638,0.26461788813418363,22,0.680756026534105,0.6711575334676061
gr_n37e21_2025_0808,301,132,True,True,True,False,A2025,1.0923623257834318,high,722.644775390625,771.0186157226562,753.5982055664062,756.4393310546875,322.5467834472656,549.5952758789062,797.2731323242188,773.1080322265625,516.3023071289062,759.7376708984375,876.8416137695312,821.6630249023438,512.2484741210938,858.7120971679688,1324.2318115234375,1470.5469970703125,-0.41073094777007446,0.370331392395682,-0.00791380201721048,0.10212209858755394,0.3599772523393222,0.11525914983141472,0.4309167027943216,0.3979353725032395,0.337848852338938,0.48560683027356577,0.47427179561973754,0.44125347470070897,118,0.5136254739303729,0.4613123116896847,14,0.19300291036904726,0.21563003482664567
gr_n38e20_2025_0812,181,0,False,True,True,False,A2025,0.7943896617834602,low,,,,,,,,,,,,,,,,,,,,,,,,,,,,,0,,,0,,
it_custonaci_2025_0720,325,183,True,False,False,False,A2025,1.1989138239059,high,99.47218322753906,111.29740142822266,117.11982727050781,114.90756225585938,111.59080505371094,117.70487213134766,119.71350860595703,114.80492401123047,107.57964324951172,109.26953125,121.32395935058594,119.14485168457031,128.7655792236328,162.42459106445312,185.46066284179688,197.06939697265625,0.22749399468951736,0.13338016474180336,0.16453105015996983,0.31477493217724795,0.27532603677826006,0.32725992699812434,0.36849235047534423,0.3545072751730862,0.34582375857203385,0.4169182835029276,0.41743910635115067,0.39541677442133805,127,0.32639134336964526,0.3111529689878152,56,0.474285104028889,0.46344955188133774
it_niscemi_2025_0716,349,197,True,True,True,False,A2025,1.152766417570988,high,228.05772399902344,266.85980224609375,269.0859069824219,268.72113037109375,190.16104125976562,266.319091796875,271.1717224121094,269.83966064453125,223.05030822753906,269.3128662109375,277.36767578125,276.6631774902344,259.68121337890625,400.5101623535156,477.5670166015625,494.43194580078125,0.12177811774831904,0.2677135215696266,0.14106105202889008,0.3337002969464071,0.3350503512023125,0.32757544870178623,0.4365483845654229,0.4321807976987032,0.41920680001094,0.45650532362775753,0.45424307038353007,0.4404423503781676,148,0.34213252163114716,0.33753719418592787,49,0.7449548371189121,0.7413311735296515
me_n_a_2025_0810,373,130,True,True,True,False,A2025,1.0741930863862412,mid,227.431640625,233.95779418945312,197.62762451171875,183.05039978027344,152.0454864501953,188.47962951660156,188.65367126464844,154.65106201171875,216.4534149169922,257.8993835449219,300.7845764160156,338.6952819824219,210.35537719726562,255.27154541015625,308.3961486816406,283.90692138671875,-0.08117816456729177,0.2771970535005096,-0.028989217204597573,0.08349442624503,0.2616504545629522,-0.010294285367933753,0.35917609426526576,0.38827487933580884,0.024681152142021268,0.35524502577753436,0.45527547811677493,-0.19298001023748945,107,0.4119889974768831,0.4447578765940535,23,0.17608315619023818,0.19245841979339673
mk_jegunovce_2025_0811,229,147,True,True,True,False,A2025,1.0043360991426216,mid,237.34295654296875,261.0021667480469,261.29669189453125,257.5894470214844,182.1793212890625,247.8430633544922,256.3940734863281,250.1307373046875,210.4349822998047,245.32769775390625,262.9083251953125,263.4059753417969,267.6367492675781,363.2544250488281,418.40545654296875,466.3890686035156,0.11318995917979191,0.3193037884833855,0.21372912025091217,0.28148936736844055,0.3177149505579251,0.32463947900722845,0.37549406249749273,0.3872114489023224,0.37164221669677777,0.4476940726917743,0.4636865352491196,0.435222664779645,125,0.4115889342192628,0.4320555390598031,22,0.322212019512655,0.3210139669724128
mk_makedonski_brod_2025_0702,349,181,True,True,True,False,A2025,0.9756040185719405,mid,157.5753936767578,179.67979431152344,184.927490234375,184.61329650878906,138.3856964111328,179.26998901367188,186.3173828125,184.81211853027344,147.50015258789062,181.79454040527344,191.3984375,188.43405151367188,180.56077575683594,274.87237548828125,319.66851806640625,335.59002685546875,0.12729997411526905,0.23357830164897486,0.18309969610159726,0.346315561931818,0.3478064549221507,0.3386220056404906,0.42150233825665895,0.41715442002394676,0.40125965904393535,0.4498844371549279,0.44929198205920473,0.43849925076937324,142,0.6510346040337869,0.6511296993870465,39,0.22632149271898705,0.21819547195176214
mk_vasilevo_2025_0701,565,385,True,True,True,False,A2025,0.9246789573678716,mid,184.06753540039062,208.73599243164062,234.93287658691406,243.2467498779297,145.8125457763672,206.46070861816406,235.02093505859375,239.9051513671875,156.77310180664062,198.14955139160156,233.68336486816406,246.31137084960938,174.695068359375,250.56805419921875,320.6849060058594,370.792724609375,-0.05365043861304075,0.16533107004252667,0.10258999707917393,0.16694890296876697,0.17602940535263256,0.20919866650654872,0.26740276144265585,0.2671281664429208,0.2712991460100267,0.3439818698325682,0.3529939088747649,0.3357168183138033,333,0.23397834440594345,0.23347496465674367,52,0.41753372936604183,0.41828634915346596
pt_entre_ambos_os_rio_2025_0726,181,168,True,True,True,False,A2025,1.129784777885202,high,931.4756469726562,1039.6583251953125,1197.1419677734375,1153.4154052734375,656.9616088867188,877.0465087890625,1136.9669189453125,1059.0555419921875,872.375,1082.4287109375,1117.331298828125,1137.34765625,987.0969848632812,1276.5784912109375,1567.4935302734375,1635.8154296875,0.05634840217684267,0.3344507997076783,0.11622159384791442,0.1855899716678503,0.31297094943444237,0.15208605002366193,0.2362699145784639,0.2746592588825696,0.28718602198427257,0.2948988105010223,0.3525824963061356,0.3047212811366655,141,0.16959987972710378,0.24403057885743995,27,0.5977350201241616,0.4407191796758867
pt_ervededo_2025_0819,181,130,True,False,False,False,A2025,1.2680483097791828,high,320.72723388671875,406.8399658203125,642.8981323242188,801.763671875,242.42044067382812,387.600830078125,642.8202514648438,799.7340087890625,303.75408935546875,388.73101806640625,650.9990234375,810.6318359375,333.71307373046875,416.4407653808594,843.1284790039062,1092.8070068359375,0.03891318880194161,0.27356624670442276,0.08977467990719801,0.02305441819982823,0.06925339135893327,0.06653946879842787,0.23748497609313923,0.2375773473761814,0.22787684243971096,0.2663263807244527,0.2681836739823118,0.2582113485119705,106,0.20211369006190572,0.20351840046357828,24,0.2945856609014742,0.2925596712408486
pt_lazarim_2025_0908,445,329,True,True,True,False,A2025,1.13065829306105,high,216.15676879882812,233.2632293701172,242.54739379882812,231.16452026367188,193.12310791015625,231.98753356933594,251.83045959472656,244.1083984375,226.81182861328125,243.29405212402344,251.63803100585938,250.96490478515625,262.4534912109375,354.31915283203125,403.79510498046875,430.6486511230469,0.17639972018851924,0.26416254926119254,0.1358018231466792,0.3416578598541127,0.34525827431261646,0.3133477256891062,0.3993305247953416,0.3763409796488063,0.37681752972703597,0.46321782348362095,0.4331611214828762,0.41723977509115795,249,0.4104676262333984,0.36624911608048993,80,0.3723027325307451,0.40083213647904803
pt_lousa_e_vilarinho_2025_0814,181,172,True,False,False,False,A2025,0.9570809630795861,mid,2102.3291015625,2376.72705078125,2674.365966796875,2450.08349609375,1269.4921875,2233.3056640625,2611.301513671875,2569.232421875,1620.3076171875,2174.30322265625,2567.41064453125,2616.275390625,1903.608642578125,2930.992431640625,4159.533203125,4542.2548828125,-0.10439144608801576,0.33311282628939864,0.14882314518542017,0.18910501947257663,0.23803772403042145,0.2581682575552806,0.35705141990748845,0.3722128454918835,0.38276471922320765,0.46060193465482213,0.43437070614492523,0.4240139626411631,105,0.18954562991052104,0.24576704791787418,67,0.47262413638416734,0.4594555235672796
pt_medelim_2025_0728,205,120,True,True,True,False,A2025,0.8609322089469356,mid,89.40425109863281,127.93434143066406,144.69837951660156,70.61337280273438,80.34626007080078,125.02816009521484,176.57608032226562,71.65922546386719,124.72354888916016,201.1297149658203,220.43463134765625,94.65504455566406,108.99166870117188,182.6091766357422,233.03414916992188,154.03001403808594,0.17971481523273947,0.2628220025597525,-0.14434020852659102,0.29940902320664964,0.31532378383911397,-0.10142172847655839,0.3790679175905175,0.24227379999353071,0.05406725952889602,0.5415609532745074,0.5347710255603269,0.3854766218987725,101,0.19183948663133132,0.028578176520064225,19,0.8557853670254725,0.7863813323129358
pt_pena_quinta_e_vila_2025_0803,181,174,True,False,False,False,A2025,0.9140636105069819,mid,1115.392822265625,1325.397216796875,1340.1912841796875,1346.850830078125,649.5843505859375,1272.9063720703125,1457.0511474609375,1390.7647705078125,881.4110717773438,1250.6904296875,1385.8609619140625,1394.3619384765625,927.7086181640625,1478.3414306640625,2058.229248046875,2429.159423828125,-0.2023094325381929,0.2997970075221825,0.0499052671067578,0.1034566242241387,0.1389632018237288,0.15399081447260998,0.3488619960816117,0.29208510235505414,0.32667317635819526,0.4455486054696173,0.4274707716317363,0.4259899433528409,129,0.23684157711164577,0.14179572147893038,45,0.6115859538123575,0.6445624371814689
pt_real_2025_0728,229,223,True,False,False,True,A2025,0.7077307730046817,low,1455.5869140625,1882.938232421875,2131.8974609375,2212.6728515625,930.2877197265625,1775.0953369140625,2205.1513671875,1811.35498046875,1256.0751953125,1782.401123046875,1953.85693359375,1868.045654296875,1317.3363037109375,1970.8228759765625,2260.9423828125,2393.8193359375,-0.10494708903270222,0.2938115217003121,0.04650377297419417,0.04459286759148251,0.09931259751869637,0.09560562505462222,0.0570757233160778,0.024676000613336635,0.13582188186359312,0.07567257965357566,0.24332009802261767,0.21963799596209477,146,-0.07918777890246442,-0.12760804655887514,77,0.28783072497231765,0.28256153042592413
pt_trancoso_sao_pedro_2025_0808,349,349,True,False,True,True,A2025,0.7537672993357668,low,5506.11474609375,7145.408203125,7953.39892578125,9740.0087890625,5193.29345703125,8916.533203125,10376.033203125,10841.90234375,5947.771484375,8455.5478515625,9802.8115234375,10599.6953125,5517.001953125,9090.3037109375,12265.966796875,14912.845703125,0.0019733919117217447,0.058674711164528714,-0.07808036591431677,0.2139527533576674,0.019116028830083898,0.0698277944895569,0.3515880926884999,0.15407946434613684,0.200812158896846,0.34687121539643684,0.27298232949073764,0.2892238326935265,246,0.23043163556605706,0.048721210968414974,103,0.5151238067431929,0.2962907668469398
pt_vale_das_fontes_2025_0828,181,47,True,True,True,False,A2025,1.752420568790581,high,234.80108642578125,250.74197387695312,250.2772674560547,240.1356964111328,195.6534423828125,260.8357238769531,251.77230834960938,241.09825134277344,265.3379211425781,271.76104736328125,264.7476806640625,246.8967742919922,300.1872253417969,312.8467712402344,382.64678955078125,374.4425354003906,0.21781785964264855,0.3482286191224857,0.11609189618092142,0.19851506575271993,0.16625086829917157,0.1313285852817816,0.345931354213439,0.3420242499742794,0.3081147212162152,0.35868478148628014,0.35611414690115917,0.34062839835227054,42,0.19376379332945903,0.18362537934039302,5,0.9335970819947689,0.9537543954099714
rs_zitoraa_2025_0706,181,85,True,True,True,False,A2025,1.01290635367773,mid,37.74956130981445,38.46054458618164,38.53377151489258,21.038623809814453,30.866966247558594,41.709686279296875,48.58125686645508,23.33536148071289,52.721954345703125,53.76085662841797,45.861656188964844,24.72528076171875,41.3411750793457,51.607059478759766,51.607059478759766,34.6458854675293,0.08687739917014703,0.2533602107749493,-0.27528920608846774,0.25474256865940825,0.19178331994552822,-0.04173454506828955,0.25332363626041976,0.058631564031468075,0.1113297937883787,0.3927526017618397,0.3264608144426506,0.28634294006162153,73,0.10815434250224043,-0.07509935443545723,12,0.6139520334924489,0.39084506811807207
tr_n_a_2025_0625,373,225,True,True,True,False,A2025,1.213762734700324,high,887.558349609375,1016.8936157226562,1003.0529174804688,1076.048828125,557.7700805664062,964.980224609375,979.470703125,1170.9241943359375,827.6068115234375,928.1012573242188,1102.855224609375,1065.8232421875,859.6333618164062,1146.138671875,1451.3333740234375,1651.24609375,-0.03248476505607378,0.35115352039404635,0.03725605789111841,0.11276563589020883,0.15805979826966565,0.19023650444853046,0.30887490397897344,0.32512355833885576,0.24010896162884965,0.34834133313146554,0.29088450306231795,0.3545339812026429,167,0.28518667673678433,0.28989964621635056,58,0.37221083112246345,0.4193030367427618
tr_n_a_2025_0630,229,89,True,True,True,False,A2025,1.4916867331440586,high,193.1614990234375,193.75677490234375,193.90394592285156,194.4051971435547,149.06732177734375,199.06072998046875,200.0690460205078,195.44134521484375,205.38490295410156,189.30499267578125,200.16603088378906,196.92889404296875,218.97190856933594,218.9247283935547,265.7898864746094,265.7898864746094,0.1178708708095575,0.31923997579743146,0.0620490806515126,0.11496167507385113,0.09073437504682891,0.1352964369768539,0.27046153450471866,0.24726614441885397,0.24690125144054076,0.26857564175179405,0.2646772689241731,0.259080559253028,52,0.1264506388132408,0.10026930614250651,37,0.573977957678333,0.5570753758043254
tr_n_a_2025_0630_b,229,119,True,True,True,False,A2025,1.0120693939855077,mid,853.2222290039062,1006.4904174804688,1053.64453125,1182.0167236328125,605.2774658203125,1023.483642578125,967.7134399414062,1078.461669921875,846.36572265625,911.1935424804688,874.0873413085938,944.6292114257812,989.73779296875,1173.431884765625,1331.894775390625,1520.7386474609375,0.13793104086220753,0.38844664706117416,0.14485863966298684,0.1422677101692189,0.1277860642225943,0.2234798165021179,0.20891308328694236,0.27343101135178627,0.34372642834923883,0.2227351322948643,0.29083036607078994,0.3788352699505879,84,-0.005494755251836514,0.03835512288002163,35,0.3714838833089136,0.4516728661535505
tr_n_a_2025_0720,181,106,True,True,True,False,A2025,1.0076710726037448,mid,1151.4052734375,1402.4208984375,1425.217529296875,1392.120849609375,695.95068359375,1376.800537109375,1722.4954833984375,1543.5087890625,1041.4820556640625,1544.3287353515625,1623.5516357421875,1589.6322021484375,1227.2537841796875,2123.09619140625,2822.026123046875,2991.6904296875,0.06180344417751027,0.4329203196884558,0.15137189301053755,0.33944542686565926,0.35151287884067095,0.27260538566146464,0.4949665711251102,0.3896245433976707,0.4246858232519559,0.5346708216214769,0.4840680126039215,0.46865083821039466,69,0.6269339479882678,0.4301061499665445,37,0.38264675311811136,0.3551699981564289
tr_n_a_2025_0723,181,128,True,True,True,False,A2025,0.7859647381190245,low,638.621826171875,649.7205200195312,708.298828125,637.994384765625,335.2452697753906,572.367431640625,700.074462890625,736.8255615234375,549.6155395507812,716.6716918945312,782.2950439453125,749.12841796875,607.2952880859375,924.1937255859375,1228.534423828125,1450.986083984375,-0.051583700220483975,0.44796991455011825,0.09497809330441254,0.296986657632187,0.38068457316376514,0.22454386774789836,0.42346033258235116,0.43015478499236004,0.3632290404141272,0.5603028920761894,0.4921897806902936,0.48371081829285345,91,0.28606930552395593,0.3582568360533024,37,0.5538853456754139,0.498407149586066
tr_n_a_2025_0726,205,88,True,True,True,False,A2025,0.8378074733964554,mid,612.7755737304688,828.5883178710938,889.9115600585938,833.2139282226562,325.1005554199219,626.3168334960938,850.2560424804688,831.3695068359375,547.6373291015625,799.5718994140625,891.2123413085938,854.1066284179688,600.0181884765625,1037.93408203125,1483.8785400390625,1611.4296875,-0.02126166422770792,0.45818216570176395,0.08729878590513107,0.20169466229537814,0.3965735933149205,0.2296505979943444,0.40028005254718,0.4270042867133276,0.39940344356948987,0.48293497712871436,0.4840795640759613,0.4699696579730732,70,0.3246860948528648,0.33858597388618816,18,0.8358448571065772,0.9364619302456721
tr_n_a_2025_0808,373,139,True,True,True,False,A2025,1.0984763270548152,high,813.151611328125,860.2692260742188,870.3201293945312,855.1373901367188,388.5962829589844,854.31689453125,925.6279907226562,858.6119995117188,565.919189453125,872.9098510742188,986.602294921875,888.2162475585938,574.6776733398438,1091.3265380859375,1547.4317626953125,1532.8101806640625,-0.4149699023495146,0.323801322051392,0.015240689334278912,0.21172151867301514,0.2171757354772802,0.20013871136570793,0.43757123876104886,0.4018295261624979,0.3624259765720371,0.44211135799851886,0.4398445349966683,0.42053082712838585,92,0.5654366351664777,0.5023860207493278,47,0.2701663788931956,0.27017838998627164
