event,block,n_windows,n_fire,evaluable,volatility_V,vol_tertile,MAE_B6_t1,MAE_B6_t3,MAE_B6_t6,MAE_B6_t12,MAE_M2_t1,MAE_M2_t3,MAE_M2_t6,MAE_M2_t12,MAE_M1_t1,MAE_M1_t3,MAE_M1_t6,MAE_M1_t12,MAE_B1_t1,MAE_B1_t3,MAE_B1_t6,MAE_B1_t12,SS_B6_t1,SS_M2_t1,SS_M1_t1,SS_B6_t3,SS_M2_t3,SS_M1_t3,SS_B6_t6,SS_M2_t6,SS_M1_t6,SS_B6_t12,SS_M2_t12,SS_M1_t12,n_fire_calm,SS_B6_t6_calm,SS_M2_t6_calm,SS_M1_t6_calm,n_fire_exc,SS_B6_t6_exc,SS_M2_t6_exc,SS_M1_t6_exc
al_delvine_2025_0724,A2025,205,136,True,1.0431152894005133,mid,131.09364318847656,149.83514404296875,152.05691528320312,119.31907653808594,119.06021118164062,122.17716217041016,135.12985229492188,108.55043029785156,129.46034240722656,121.57064056396484,135.70547485351562,130.8170928955078,147.97647094726562,191.1558837890625,241.3338165283203,251.90589904785156,0.11409129877685487,0.1954112000409166,0.1251288696203443,0.21616253147452436,0.3608506327472989,0.36402354897892586,0.3699311705644891,0.440070793895291,0.4376856223230916,0.5263347266217838,0.5690834128611195,0.48069063332789186,91,0.3231303122441215,0.41890008127717326,0.4075871745138253,45,0.5403284601195169,0.5171513811603263,0.5472710348918122
al_finiq_2025_0806,A2025,349,211,True,1.0421179160738308,mid,915.333251953125,1627.3564453125,1717.29052734375,1632.058349609375,1210.78173828125,1584.6207275390625,1798.1917724609375,1803.556884765625,1105.6815185546875,1499.1202392578125,1691.6944580078125,1870.8570556640625,1269.521728515625,1825.1748046875,2303.154296875,2695.27734375,0.2789936309137703,0.046269385481929604,0.12905664100173064,0.10838324026112656,0.131797829189092,0.17864292482687072,0.25437452033768226,0.2192482392947851,0.26548800473196155,0.3944748011205943,0.3308455291445831,0.30587586468519157,189,0.2900491617868143,0.2799072781514348,0.3152358089716327,22,-0.2614324573011966,-0.6578013258927882,-0.45379924931057514
al_puke_2026_0814,B2026,181,111,True,1.0728190477586759,mid,155.9955596923828,251.26776123046875,199.5230255126953,199.5872039794922,215.75454711914062,215.0143585205078,221.06063842773438,196.8846893310547,198.8527374267578,208.5243682861328,202.94677734375,199.6736297607422,253.4495391845703,309.3305969238281,337.490966796875,362.2819519042969,0.3845103834306769,0.14872779878277442,0.2154148787702207,0.18770479309441612,0.30490432999922557,0.32588508747655054,0.40880484178178955,0.34498798434275224,0.3986601203880602,0.4490832266681155,0.4565429265903226,0.4488446672234738,89,0.30075275494675136,0.2609193016617316,0.2959461856973049,22,0.7217668111338016,0.5884841648992347,0.6961606085161309
al_tirane_2025_0722,A2025,277,134,True,0.9074962213443313,mid,265.354248046875,378.9347839355469,414.4215087890625,414.9710388183594,366.8704833984375,415.11822509765625,403.326171875,410.24066162109375,300.6136169433594,364.9924011230469,413.5760803222656,418.5454406738281,354.3678894042969,504.16046142578125,670.8887939453125,747.6783447265625,0.25118991877920005,-0.03528139644694628,0.15169058503381916,0.24838456616786708,0.17661487391595687,0.27603921955554156,0.3822798762937094,0.398818141672706,0.3835400381482922,0.4449872171032041,0.4513139714229317,0.44020654921215263,84,0.3381096967356776,0.3444023728453146,0.3467208436986876,50,0.5128288880032484,0.5596489345817283,0.49236238078766614
ba_n_a_2025_0706,A2025,253,144,True,1.0959944246049582,high,95.05487823486328,127.43534088134766,130.2992706298828,130.0294952392578,102.55269622802734,125.24723052978516,129.87510681152344,131.94357299804688,108.15644073486328,129.54269409179688,137.6116943359375,140.00982666015625,127.80555725097656,173.6013946533203,208.06459045410156,217.83262634277344,0.25625395108445514,0.19758812970361872,0.15374227020134634,0.26593135305258153,0.27853557409546037,0.25379231917755085,0.37375566719207587,0.375794283265256,0.3386106975934753,0.4030761258203436,0.3942892062898544,0.35725961252543537,108,0.2816894804870015,0.2829789764393409,0.24678475137267109,36,0.4918518689026815,0.494851488049151,0.45639875783156225
ba_n_a_2025_0811,A2025,397,125,True,0.8785753414360258,mid,58.5081787109375,64.93704223632812,69.77269744873047,67.34730529785156,64.04290008544922,68.75019073486328,83.8979263305664,70.69435119628906,71.29159545898438,71.14588928222656,70.83525848388672,68.93914794921875,75.41600036621094,89.20320129394531,106.43360137939453,100.71839904785156,0.224194091083737,0.15080487198386716,0.05468872503446154,0.2720323789462953,0.2292856115296199,0.2024289683530045,0.344448590064919,0.21173459092582214,0.3344652669283784,0.33133066118480803,0.2980989385792163,0.3155257768099988,86,0.28598406473021576,0.27739763717476507,0.26225056133889035,39,0.40485377779536036,0.14389212574113763,0.4090770401149897
ba_n_a_2026_0810,B2026,181,151,True,1.0604302990982017,mid,202.62014770507812,274.06494140625,383.6463623046875,409.6069641113281,224.5290069580078,343.9769287109375,444.2803649902344,434.1575012207031,245.92306518554688,318.7228088378906,393.4742431640625,412.47308349609375,270.0456848144531,363.5317687988281,459.0715026855469,525.3814086914062,0.24968196457463376,0.16855176888947354,0.08932792110890708,0.24610456381347912,0.05379128254045917,0.12326009390869486,0.16429933014710307,0.032219681702708725,0.14289115995600565,0.22036265970743674,0.17363368014471448,0.21490734793326416,126,0.18615079865971862,0.15571666091614178,0.16489975852816863,25,-0.0018220678979472549,-0.9066398729428362,-0.02442404144979604
cy_n34e32_2025_0723,A2025,181,118,True,0.9874441907831304,mid,131.34158325195312,161.9888153076172,164.57566833496094,172.49574279785156,162.4813995361328,168.23133850097656,166.88059997558594,136.4926300048828,168.29498291015625,184.7628173828125,171.72679138183594,141.18682861328125,180.2923583984375,244.2296600341797,249.9601593017578,224.11355590820312,0.2715077642853032,0.09878931653300205,0.06654400438740515,0.33673569670060954,0.3111756431326451,0.24348739069220693,0.34159240098626553,0.33237120490820404,0.3129833495804294,0.23031990591186824,0.39096664879660303,0.37002102331056064,78,0.14899765481615912,0.14811067749802698,0.12211959665246186,40,0.4372100815354554,0.4238513967553038,0.40774168774986297
dz_n_a_2026_0706,B2026,181,137,True,1.0577318193404528,mid,870.9527587890625,1382.0625,1475.42822265625,1934.211181640625,1300.375244140625,1502.15185546875,1529.8116455078125,1935.8482666015625,982.376708984375,1395.4945068359375,1515.6754150390625,1927.87939453125,1095.0115966796875,1741.162841796875,2207.783935546875,2803.3291015625,0.20461777625919209,-0.1875447238035146,0.10286182177142766,0.2062416754921581,0.1372708976958561,0.19852728685859666,0.3317153010759716,0.3070827172547239,0.3134856221047623,0.3100306415816295,0.3094466627116407,0.31228930864495996,98,0.2579436086988601,0.2104094244740553,0.22640064047886888,39,0.4180635070278561,0.4202366671542829,0.4154166463683061
dz_n_a_2026_0708,B2026,181,170,True,1.315681157633131,high,816.8206787109375,1502.7933349609375,1698.503173828125,1726.958984375,1082.609375,1442.87744140625,1689.8880615234375,1706.6790771484375,1048.146484375,1525.7552490234375,1756.4462890625,1763.655517578125,1160.927734375,1943.6165771484375,2517.75634765625,2726.3388671875,0.29640695581221244,0.06746187299691286,0.09714751974696956,0.22680566083370746,0.25763267386659316,0.21499164652014957,0.32539017311613894,0.32881191498274465,0.30237638336308625,0.36656480778688505,0.374003320831114,0.35310480336675176,126,0.30514391045926126,0.30389861636138815,0.27225555850868943,44,0.35505578852548847,0.3653159868988519,0.3465106038631397
dz_n_a_2026_0712,B2026,181,168,True,1.3411548544745207,high,337.25897216796875,446.1983947753906,446.1046447753906,438.80950927734375,445.13922119140625,481.9459533691406,474.8481140136719,463.1861877441406,400.982421875,465.1790466308594,450.4791564941406,442.122314453125,430.9297790527344,644.4571533203125,791.813720703125,809.46728515625,0.21736907365898894,-0.03297391554119766,0.06949474980254178,0.30763683438607425,0.2521675787349038,0.2781846795644878,0.4366040482611834,0.4003032511333473,0.4310793754696265,0.457903342946539,0.4277888727093737,0.4538107684391681,116,0.35540514066263784,0.2974564207062632,0.35629464550059486,52,0.5891135672895484,0.5934723828942781,0.5715416144019907
dz_n_a_2026_0716,B2026,178,117,True,1.2249649394510986,high,342.0430908203125,466.9498291015625,479.1996154785156,475.8930358886719,441.6139831542969,492.17376708984375,483.515380859375,481.91070556640625,441.8358154296875,521.1918334960938,497.5827941894531,468.70965576171875,508.9845886230469,714.3829345703125,841.3179931640625,755.4632568359375,0.32798929777885866,0.13236276102387956,0.1319269280333547,0.346359205259538,0.31105049788755557,0.27043073360986636,0.43041796398966525,0.4252881968672143,0.40856751165142235,0.37006461719683525,0.3620990813176479,0.37957319363910835,77,0.28016885584351214,0.2784202989735671,0.2692053219729672,40,0.6703931002847654,0.6598628910339686,0.6311542841108702
es_avila_2025_0808,A2025,349,47,True,1.4829332533307982,high,337.3424072265625,494.1378479003906,458.8996887207031,466.1400146484375,403.25653076171875,449.5977783203125,456.3972473144531,452.50506591796875,519.0062866210938,458.3915100097656,458.7488098144531,466.2638854980469,687.4786376953125,696.5595703125,757.031982421875,879.680908203125,0.5093048878471899,0.41342681990296215,0.24505830703191234,0.290602169633957,0.3545451136094393,0.3419205915093295,0.3938173031308342,0.3971228984879078,0.3940166063435826,0.47010329506798587,0.485603175312426,0.46996248167934207,34,0.07011395249547336,0.0702743591964754,0.08111267590535864,13,0.8874230613567733,0.8955251897833004,0.8711549822254814
es_buron_2025_0810,A2025,325,291,True,0.9895767329635048,mid,1844.075439453125,3242.206298828125,3530.025634765625,3755.2900390625,2501.000732421875,3070.4765625,3127.91796875,3452.528564453125,2197.504150390625,2875.598876953125,3246.2021484375,3470.96826171875,2260.1630859375,2691.775634765625,3167.1943359375,3750.01123046875,0.18409629334857702,-0.10655764089894304,0.027723192161102195,-0.20448608604425034,-0.14068814757190884,-0.06829069994294135,-0.11455921561590121,0.012400996914473827,-0.024945678767960278,-0.0014076780759642027,0.07932847336524906,0.07441123548718542,241,-0.10801047767886818,0.04258868675240546,-0.005737080072600875,50,-0.1385679961628219,-0.09827268276948975,-0.09536748266029749
es_caceres_2025_0808,A2025,349,107,True,0.9724523831731698,mid,1042.266357421875,1681.275146484375,2005.806396484375,1881.158447265625,1299.520263671875,1644.501708984375,1843.3677978515625,1756.94189453125,1153.1004638671875,1674.3831787109375,1910.576416015625,2001.2259521484375,1325.51953125,2246.42431640625,3179.951416015625,3703.762939453125,0.2136921917408563,0.019614397951274953,0.1300765951145335,0.2515772135274874,0.2679469782382028,0.2546451859150295,0.3692336347082985,0.42031573546452417,0.39918062697652323,0.49209534248879727,0.5256332753330403,0.45967763464798683,78,0.35965253938659314,0.4326996625768763,0.39546548159902783,29,0.3825006815497076,0.403167690206952,0.4043248608790071
es_carballeda_de_avia_2025_0815,A2025,181,104,True,0.8778904663446933,mid,211.79237365722656,441.9267272949219,627.8916625976562,613.6566772460938,451.7949523925781,581.2254638671875,651.4998779296875,624.583740234375,361.14251708984375,577.1534423828125,628.1140747070312,602.2650756835938,341.7259521484375,686.860595703125,967.2635498046875,995.866455078125,0.38022742397618936,-0.32209728161450646,-0.05681911139418583,0.3565990973138725,0.15379413595243585,0.15972259000824984,0.3508577236013475,0.32645050249103247,0.3506277840885643,0.38379621673475006,0.3728237987638846,0.39523510144103957,74,0.18824364968602658,0.1259724592872048,0.18145969056028222,30,0.5352705939385652,0.5538033712273353,0.5424732381542076
es_fermoselle_2026_0729,B2026,181,44,True,1.1132599295017709,high,59.727046966552734,50.614707946777344,56.124942779541016,56.90841293334961,55.45119857788086,54.85032653808594,55.017494201660156,55.6761474609375,73.14215850830078,56.55141830444336,56.562992095947266,56.31901550292969,58.2613639831543,51.13863754272461,58.2613639831543,58.2613639831543,-0.025157031747870207,0.04823377300411247,-0.2554144549284689,0.010245278738791996,-0.07258091286183244,-0.10584522822291764,0.036669604992959126,0.0556778894231188,0.0291509118752884,0.0232220970692667,0.04437274285175141,0.03333853427781441,37,0.04001050966594155,0.05568085765216879,0.02992799160988613,7,,,
es_gallardos_los_2026_0709,B2026,181,32,True,0.9332707535845413,mid,44.21124267578125,41.21187210083008,34.30087661743164,51.71025085449219,47.47027587890625,36.4058837890625,21.556583404541016,18.330713272094727,69.50321960449219,45.34511184692383,41.420555114746094,92.81153106689453,55.037498474121094,39.35625076293945,30.46875,27.368749618530273,0.1967069016305384,0.13749212455164528,-0.2628339138119249,-0.04714934227520495,0.07496565136878386,-0.1521705184789579,-0.12577236077724363,0.29250187800480765,-0.35944386017628216,-0.8893903293076009,0.3302319788959689,-2.3911498464677976,22,-0.600539578379067,-0.031196931666625183,-0.5592963312643533,10,0.5492321950229474,0.7527234201292279,-0.07530227876531526
es_llerena_2025_0814,A2025,205,41,True,1.2218125149885242,high,47.10041809082031,123.41071319580078,56.206138610839844,43.23637008666992,50.35606002807617,52.47611999511719,54.51755905151367,41.16529846191406,51.60824203491211,50.06835174560547,51.43136215209961,39.25083923339844,50.31219482421875,50.31219482421875,50.31219482421875,37.27804946899414,0.06383694340149093,-0.000871860271862035,-0.02576010081097646,-1.4528986188532298,-0.04300995371914862,0.004846599904162807,-0.11714741937244866,-0.0835853860478093,-0.022244454486452403,-0.1598345595477464,-0.1042771563504985,-0.052920949258494776,33,-0.2442694064641513,-0.11046023478001166,-0.020188138969024383,8,0.24642509202671203,-0.006722661242335004,-0.028125396174566886
es_luesia_2026_0715,B2026,178,134,True,0.9880532743729099,mid,458.6142272949219,695.5283203125,942.7732543945312,1248.6376953125,352.03253173828125,526.7113037109375,761.6262817382812,1635.6129150390625,420.4342346191406,635.2117309570312,743.3900756835938,796.1389770507812,534.800048828125,810.6044311523438,1147.3470458984375,1382.74560546875,0.14245664655443568,0.34174925281015056,0.2138478006118123,0.1419633379948999,0.3502240014131527,0.21637273799006596,0.1783015803589867,0.3361849106937954,0.3520791478558457,0.09698668332472293,-0.18287334168354885,0.4242332256186122,117,0.10914699999333477,0.2883252601122389,0.3068585863646166,17,0.6180562108554211,0.6405245559815032,0.6396372937593358
es_mierla_la_2026_0716,B2026,178,138,True,0.8186513902036804,low,2258.947509765625,5511.41357421875,5469.67041015625,6316.7353515625,4548.03759765625,5757.70947265625,5828.0341796875,6168.7412109375,3363.48681640625,4643.931640625,5500.4775390625,6016.4580078125,3793.322509765625,6007.443359375,7880.3349609375,8417.5068359375,0.40449368490284343,-0.19895885096710542,0.11331377499613993,0.08256919882268454,0.041570743455953574,0.2269703827705929,0.30590889381362796,0.260433191155347,0.301999525866839,0.2495716992359326,0.26715340644562047,0.2852446543760464,75,0.26856647513145804,0.2303254466813488,0.28680845732706794,63,0.33679051561194595,0.28533195740620787,0.31456250178941847
es_murias_de_paredes_2025_0821,A2025,181,169,True,0.7297570722110295,low,1492.0992431640625,2804.21875,3222.2666015625,3125.00341796875,2185.16943359375,2743.944580078125,3015.944580078125,2992.92578125,1771.6236572265625,2542.935302734375,2978.8095703125,3009.22119140625,1718.671630859375,2514.43408203125,3428.970703125,4341.24560546875,0.13182994565519257,-0.27142927965891617,-0.030809856528969615,-0.1152484648691412,-0.09127719819223423,-0.011335043899858732,0.060281676181753285,0.12045192531696547,0.1312817086486754,0.28015972788267873,0.3105836312325305,0.30683000574409414,135,0.11503748095662258,0.17577083008130834,0.18430809676487758,34,-0.3704357800553668,-0.31469359099763294,-0.28583081725238624
es_navaconcejo_2025_0812,A2025,205,200,True,0.698647039684775,low,1526.017822265625,2697.45166015625,3003.487548828125,3153.136962890625,2524.371826171875,3187.847412109375,3372.864990234375,3225.597900390625,1693.0859375,2260.76416015625,2818.306884765625,3084.728759765625,1672.6031494140625,2122.027587890625,2872.340087890625,3549.027587890625,0.08763903571495035,-0.5092473232853827,-0.012246053759442432,-0.271167102420953,-0.5022648293079992,-0.06537925004242484,-0.045658751026871336,-0.17425683833675953,0.018811561817765332,0.11154904130663545,0.0911319169801752,0.1308242375204971,152,-0.08606360644554378,-0.2415149169947921,-0.015115680168764634,48,0.016200478716922984,-0.07128555526413072,0.0707533492630279
es_navaluenga_2026_0722,B2026,178,112,True,0.6595318613906686,low,3613.063720703125,7263.15966796875,8657.669921875,7823.85986328125,7728.2734375,9228.1669921875,9178.2880859375,7824.28955078125,4399.34326171875,6277.55810546875,7675.74560546875,7132.90283203125,4214.14892578125,7022.7509765625,9768.5673828125,11438.7294921875,0.14263501733429873,-0.8338871201774807,-0.04394584510398314,-0.03423283727538995,-0.3140387610190485,0.10611124808223049,0.11372163567117233,0.06042639352763013,0.21424039936767048,0.31602020411227993,0.31598263984429953,0.37642525449151254,79,0.2827207846876467,0.25500080486850296,0.3544031450043895,33,-0.25471901364015825,-0.3637714303057009,-0.09133311901154184
es_niebla_2026_0807,B2026,181,151,True,0.7544409313589949,low,2999.73583984375,5395.22998046875,7314.29150390625,8220.8310546875,4934.57470703125,6636.865234375,7168.73828125,7602.69873046875,3755.873779296875,5355.47265625,6587.45751953125,7372.1455078125,4505.74853515625,7503.080078125,10611.388671875,12452.2958984375,0.33424250899973373,-0.09517312573683823,0.16642623306836868,0.28093130763746244,0.11544790069286648,0.2862301081040417,0.31071307158011796,0.3244297704172864,0.37920872345473455,0.33981402933743,0.3894540579121053,0.4079689747223604,97,0.31387261762625795,0.3274402817976295,0.38604479659182944,54,0.30511105655455906,0.31909208060943517,0.3670879335002277
es_nules_2026_0725,B2026,181,78,True,0.8987290435623497,mid,421.96124267578125,535.7745971679688,515.7936401367188,429.5609436035156,527.0277709960938,506.490478515625,496.3921813964844,341.6852722167969,554.5587158203125,568.8074951171875,494.841796875,472.6789245605469,538.9872436523438,600.8641967773438,661.3154296875,735.9334106445312,0.21712202348901288,0.022188786092986024,-0.028890242489695295,0.10832664012679494,0.15706330776218624,0.05335099317298009,0.2200489857306771,0.2493866631373609,0.2517310580386215,0.4163046039351499,0.5357116998974831,0.3577150898114896,42,0.054931662117928104,0.07489448950164557,0.08567128126784895,36,0.5046146826688582,0.5501091011052686,0.5379212332827454
es_oimbra_2025_0813,A2025,229,220,True,0.889396814880961,mid,3590.854248046875,7578.138671875,8406.146484375,8684.7705078125,5497.724609375,7262.0615234375,8058.59228515625,8272.3447265625,4530.7822265625,6040.60791015625,7024.3076171875,7342.91064453125,4952.5283203125,7703.14794921875,10940.806640625,13363.14453125,0.2749452368966372,-0.11008443643348986,0.08515773489274836,0.01622833654083311,0.05726054188352758,0.21582605579204983,0.2316703182412888,0.2634370983915041,0.35797168820212033,0.35009529474870393,0.38095822377603983,0.4505102726862157,163,0.19917050922661073,0.20221618839557398,0.31719450320126863,57,0.3086850522527662,0.4085125583146013,0.45460128651566534
es_penas_de_riglos_la_2026_0810,B2026,181,154,True,1.0888965078117283,high,520.888427734375,840.3850708007812,849.0318603515625,811.885986328125,785.9903564453125,953.5584716796875,964.5807495117188,987.1934814453125,596.2949829101562,711.0388793945312,780.01513671875,832.4381713867188,627.5396118164062,873.0993041992188,1110.2734375,1101.3609619140625,0.16995131793088025,-0.25249520770533085,0.04978909429448253,0.03746908655303771,-0.0921535123135433,0.18561511162046407,0.23529480966118987,0.13122234853815573,0.2974567251873482,0.26283388062244095,0.1036603660532307,0.24417316377364695,139,0.23671650781259634,0.12479461248175361,0.30287311755914403,15,0.18201078536800386,0.3721186318370573,0.09446308598657249
es_peranzanes_2025_0810,A2025,181,181,True,0.8958379429098421,mid,2662.625,4389.28662109375,4985.26318359375,5442.70947265625,4100.041015625,4979.7451171875,5046.1328125,5164.2333984375,3286.780029296875,4037.580078125,4455.96630859375,4978.56884765625,3137.437744140625,4302.7041015625,4797.033203125,5289.8095703125,0.1513377420882277,-0.30681191149755915,-0.04760007921596432,-0.020122815208186928,-0.15735244619288058,0.06161800048979005,-0.03923883210692147,-0.05192784765649017,0.07109954842694521,-0.02890461373162756,0.023739261348794005,0.05883779340621198,151,-0.00036288741616230524,-0.019008489196352008,0.1270915604825229,30,-0.1975720103116516,-0.18600067130831355,-0.15694253809657566
es_pinofranqueado_2026_0818,B2026,99,73,True,0.989243852357504,mid,105.67334747314453,57.85658645629883,76.82708740234375,38.82542419433594,87.96607971191406,63.23836898803711,40.304019927978516,34.822242736816406,105.2821273803711,77.50669860839844,76.10407257080078,92.52410125732422,160.4602813720703,219.99041748046875,244.29864501953125,240.1534423828125,0.34143610761773213,0.45178907228798226,0.34387421933876483,0.7370040608180788,0.7125403473828511,0.6476814786022229,0.6855197973111904,0.835021516698317,0.6884793504903951,0.8383307613286386,0.8550000266858194,0.6147292316974672,47,0.634291711218194,0.8316729393336886,0.6546015959338451,26,0.7965839367281025,0.8422812547284746,0.761927314108003
es_puertas_2025_0813,A2025,181,66,True,1.2804759550903553,high,787.869140625,1360.451171875,1655.24267578125,1547.147705078125,1195.4150390625,1533.1513671875,1601.898193359375,1618.4766845703125,1001.17529296875,1462.5133056640625,1641.768798828125,1700.4425048828125,1075.560546875,1921.378662109375,2879.26953125,3276.024169921875,0.2674804380709913,-0.11143444461191199,0.06915952256000235,0.2919401059750314,0.20205662869996788,0.23882088705073345,0.4251171493963448,0.44364423824402077,0.4297967658083851,0.527736175061547,0.5059631429370959,0.48094323586038623,42,0.33762118086874826,0.37882666902302875,0.38760477688719297,24,0.4746554994768639,0.4803425336320033,0.45368485681196746
es_rua_a_2025_0808,A2025,397,397,True,0.6854530528585924,low,8423.8271484375,15098.6572265625,16613.73046875,17806.80859375,11362.6484375,14538.33984375,15768.01171875,17254.56640625,8838.6826171875,12283.4970703125,14354.2138671875,16062.58984375,8941.765625,13207.50390625,17455.931640625,21905.556640625,0.05792351290380637,-0.2707387907519663,0.011528260987325956,-0.14318779185956365,-0.10076362247905357,0.06996074674641928,0.04824727715563193,0.09669606622122207,0.17768846930053883,0.1871099700463058,0.21232011177243926,0.2667344588741887,315,-0.012104750729593716,0.03194149931588064,0.13553388132764166,82,0.20336168816092304,0.26312572081377683,0.2860323554935973
es_san_bartolome_de_l_2026_0605,B2026,181,85,True,0.9935055068875079,mid,499.3526306152344,908.5575561523438,970.894775390625,987.259765625,838.1982421875,911.5933837890625,922.453125,951.3108520507812,706.9766845703125,945.7446899414062,993.138671875,942.0516357421875,786.2882080078125,1291.48583984375,1479.7847900390625,1522.4083251953125,0.364924177255024,-0.0660190928097597,0.10086826004735394,0.2965021155305386,0.2941514682814088,0.2677080454433578,0.3438946109420439,0.37663021595481483,0.3288627653425309,0.35151447263772506,0.3751276603609377,0.38120961364203654,59,0.35085052535905414,0.3740938595398642,0.3083525366529206,26,0.3317524338907356,0.38105756949076997,0.36466526940262634
es_soba_2026_0224,B2026,181,77,True,0.8993692188681125,mid,50.9142951965332,56.89434814453125,57.04338836669922,58.49483108520508,52.623287200927734,57.1348876953125,57.37688446044922,57.70896530151367,57.06201934814453,56.6293830871582,59.87069320678711,65.17749786376953,69.63636016845703,78.37142944335938,78.9922103881836,93.57142639160156,0.2688547323069924,0.24431307044729278,0.18057148291343728,0.27404223007505624,0.27097300507189237,0.27742311848368917,0.27786058794434865,0.2736387021139467,0.24206838987578028,0.3748643860530565,0.3832629518759447,0.3034465714886282,53,0.242155274833029,0.23137057182895404,0.19574179684589754,24,0.32191638816071344,0.325792281823703,0.29922961611806875
es_una_de_quintana_2025_0810,A2025,181,179,True,1.0565456689534196,mid,1698.2247314453125,2547.197509765625,2666.92822265625,2692.995849609375,2502.689697265625,2897.32080078125,2765.29638671875,2781.11279296875,2141.4052734375,2554.817138671875,2603.4580078125,2756.9365234375,2453.947509765625,3366.376708984375,3491.887451171875,3954.55029296875,0.307962079593337,-0.019862766952442046,0.12736304875485116,0.24334151226524314,0.13933553750870553,0.24107806121239028,0.2362502343077436,0.20807974902206017,0.254426712138508,0.31901337697043275,0.2967309587859812,0.30284449072771313,127,0.18506823373320658,0.1543330894295979,0.19051498888599427,52,0.2815913369122589,0.2556929002381899,0.3110451549521154
es_valdesamario_2026_0722,B2026,178,171,True,1.1908145119384634,high,661.21728515625,842.6719360351562,926.1414184570312,900.5599365234375,773.0178833007812,842.990966796875,905.1536254882812,1084.789794921875,746.7864379882812,891.4677734375,945.8689575195312,898.0028076171875,833.2660522460938,1149.0030517578125,1340.6363525390625,1267.1749267578125,0.2064751907581992,0.07230364033541481,0.1037839163430504,0.2666060070545617,0.2663283482953176,0.22413802811604366,0.3091777522644449,0.3248328498820805,0.294462696220248,0.28931679635770124,0.14393050871246893,0.2913347726072729,149,0.31561121140193227,0.35199716606158615,0.30753724436403385,22,0.2560648810151134,0.10057171035597234,0.1865230516547376
es_valmojado_2025_0717,A2025,181,27,True,1.1462784863860478,high,98.14511108398438,124.51183319091797,127.04469299316406,117.77780151367188,115.23938751220703,116.72325897216797,116.43709564208984,116.28490447998047,160.75283813476562,143.71490478515625,127.13447570800781,120.9736328125,201.05184936523438,220.9851837158203,220.9851837158203,220.9851837158203,0.5118417891014162,0.42681757031311307,0.20044088804804205,0.43656026572787754,0.4718050458881884,0.3496627132705471,0.4250985932317555,0.4730999894009902,0.42469230936541624,0.4670330402551772,0.47378868336476787,0.45257129560292997,18,0.6258006264065379,0.6960893040098186,0.6245031928879836,9,-0.0007081997780058469,8.980924444679239e-06,0.000776167414202944
es_villablino_2025_0809,A2025,181,181,True,0.8942853153911272,mid,2119.468505859375,3397.634033203125,4007.519775390625,4723.853515625,2996.69677734375,3823.772705078125,4014.953125,4482.54833984375,2510.728759765625,3129.83056640625,3583.45263671875,4337.71337890625,2372.323486328125,3242.054931640625,3628.439453125,4120.25048828125,0.10658537165187287,-0.2631906207622756,-0.0583416529133316,-0.047987805525481875,-0.17942872212320138,0.03461519548577929,-0.10447475482583601,-0.10652339025310575,0.012398392473520592,-0.14649668243727132,-0.08793102569684574,-0.052779046138943464,156,-0.11416373469159757,-0.13155156775308297,0.009947827243238838,25,-0.05819608415754418,0.013019811122229386,0.024104355182972603
fr_coustouge_2025_0805,A2025,181,133,True,1.114590777387728,high,183.81744384765625,242.97923278808594,294.1544189453125,237.34104919433594,222.3855438232422,243.2292938232422,242.55027770996094,233.06124877929688,189.5979461669922,251.53585815429688,260.7218322753906,249.9653778076172,217.9044952392578,339.4962463378906,432.0977478027344,429.5797119140625,0.15643115280469178,-0.02056427784596271,0.12990346546630538,0.2842947885018562,0.2835582235534845,0.2590909005104267,0.3192410271955344,0.4386680353152582,0.39661376713674057,0.4475040542840718,0.45746681624964447,0.41811642664907134,111,0.26461788813418363,0.4010921168631638,0.35864755259011927,22,0.6711575334676061,0.680756026534105,0.6412157815878519
fr_montalba_le_chatea_2026_0704,B2026,181,122,True,0.8757566028968242,mid,212.75033569335938,312.11700439453125,351.6997375488281,320.7142639160156,264.0674743652344,309.77044677734375,308.1209716796875,292.6554260253906,249.9832763671875,353.5501403808594,383.0467834472656,317.4359436035156,321.0196533203125,563.0885009765625,690.4918823242188,506.1975402832031,0.3372669445846118,0.1774102562445029,0.22128357631189988,0.44570524197665595,0.4498725400356962,0.37212331672961074,0.49065333488788443,0.5537659752891779,0.44525519668976066,0.3664246891903403,0.42185529810820843,0.3729010547425433,87,0.4493941841680129,0.51383847073396,0.4015601398666201,35,0.6739569943793435,0.731153244220101,0.639380046676169
fr_porge_2026_0722,B2026,178,93,True,0.8632206517901245,mid,617.3594970703125,1591.9075927734375,1149.1787109375,1178.4183349609375,1179.1021728515625,1721.3272705078125,2336.936279296875,1658.72314453125,882.4882202148438,1293.1119384765625,1348.71240234375,1142.285400390625,961.0989379882812,1414.2784423828125,1960.9990234375,2256.225830078125,0.357652503120506,-0.22682704792036645,0.08179253421919397,-0.12559701475145935,-0.2171063483140394,0.08567372610311841,0.4139830274249364,-0.19170700819645603,0.31223198674543573,0.4777037301624487,0.2648239717768791,0.49371849875902196,60,0.2273828157636626,-0.10802372357809897,0.16057104484031814,33,0.6556773460090086,-0.30009818247338926,0.5086710445051631
fr_solaure_en_diois_2026_0703,B2026,181,122,True,1.0555303117903305,mid,336.4822998046875,604.905029296875,481.8782958984375,539.8740234375,469.5617980957031,523.5986938476562,579.2840576171875,542.1099853515625,442.7384033203125,475.6231689453125,533.30126953125,549.3754272460938,493.8811340332031,675.6417846679688,824.2901000976562,948.26806640625,0.3186978067842815,0.04924127337867701,0.10355271175321379,0.10469564934598585,0.2250350618782868,0.2960424003689345,0.4154020582785747,0.2972327854616258,0.3530175001882613,0.4306736221925972,0.42831567933521897,0.4206538776233193,95,0.41481060922364155,0.23766680089047865,0.3336349626234195,27,0.4164049338816602,0.3982368354372674,0.3858837105996079
gr_n37e21_2025_0808,A2025,301,132,True,1.0923623257834318,high,322.5467834472656,549.5952758789062,797.2731323242188,773.1080322265625,722.644775390625,771.0186157226562,753.5982055664062,756.4393310546875,516.3023071289062,759.7376708984375,876.8416137695312,821.6630249023438,512.2484741210938,858.7120971679688,1324.2318115234375,1470.5469970703125,0.370331392395682,-0.41073094777007446,-0.00791380201721048,0.3599772523393222,0.10212209858755394,0.11525914983141472,0.3979353725032395,0.4309167027943216,0.337848852338938,0.47427179561973754,0.48560683027356577,0.44125347470070897,118,0.4613123116896847,0.5136254739303729,0.3857278230125408,14,0.21563003482664567,0.19300291036904726,0.20012363099143182
gr_n37e22_2026_0731,B2026,181,72,True,0.7709836924374162,low,968.396728515625,1437.1063232421875,1256.34912109375,1130.7431640625,1082.46435546875,1334.25244140625,1265.0521240234375,1108.7528076171875,1129.00927734375,1451.208251953125,1346.74462890625,1300.3099365234375,1038.2291259765625,1450.7833251953125,1537.2193603515625,1749.826416015625,0.06726106570671753,-0.042606423173285224,-0.08743749245312227,0.009427322271769123,0.08032273446027816,-0.000292894707591973,0.18271318102159306,0.1770516579142487,0.12390862121444457,0.3537969516786612,0.3663641161951192,0.25689204104927266,53,0.10014763298905527,0.05993776373368409,0.14840334642009445,19,0.333660007887128,0.3911598855027024,0.07912730955412839
hr_knin_2026_0813,B2026,181,150,True,0.9540256518034672,mid,423.4066467285156,528.9337158203125,588.67529296875,638.8334350585938,481.91510009765625,561.6171875,579.5821533203125,592.2376098632812,484.9857177734375,550.6791381835938,591.147216796875,609.2634887695312,592.65673828125,782.6140747070312,932.556640625,1068.683349609375,0.285578616795234,0.18685628801716314,0.1816751815225568,0.3241448973195161,0.28238297054619244,0.2963592708325128,0.36875116499709926,0.37850192892103995,0.36610046934984264,0.4022238343171529,0.44582498634440604,0.42989334587066486,115,0.34650558190587444,0.35931449793789527,0.3395602507324582,35,0.42881824444883443,0.4303119022938805,0.4377639739198401
it_bivona_2026_0714,B2026,178,172,True,0.8707838062402543,mid,1004.32421875,1976.4100341796875,2129.9755859375,2022.3336181640625,1508.0172119140625,1961.6748046875,2090.093994140625,2131.291015625,1354.6453857421875,1895.9842529296875,2059.55859375,2151.668212890625,1502.5953369140625,2392.17919921875,3156.003662109375,3057.257568359375,0.3316069908664704,-0.0036083400945028377,0.09846293778318616,0.17380351989301068,0.179963271427093,0.20742381944091492,0.3251035759211096,0.33774031404524074,0.34741565148455666,0.33851382392707163,0.3028748909864598,0.2962097027221423,136,0.2528163902712347,0.26735203587146794,0.29007440601593215,36,0.5604581212991565,0.5669117398285783,0.5341082430123038
it_custonaci_2025_0720,A2025,325,183,True,1.1989138239059,high,111.59080505371094,117.70487213134766,119.71350860595703,114.80492401123047,99.47218322753906,111.29740142822266,117.11982727050781,114.90756225585938,107.57964324951172,109.26953125,121.32395935058594,119.14485168457031,128.7655792236328,162.42459106445312,185.46066284179688,197.06939697265625,0.13338016474180336,0.22749399468951736,0.16453105015996983,0.27532603677826006,0.31477493217724795,0.32725992699812434,0.3545072751730862,0.36849235047534423,0.34582375857203385,0.41743910635115067,0.4169182835029276,0.39541677442133805,127,0.3111529689878152,0.32639134336964526,0.30926353763872405,56,0.46344955188133774,0.474285104028889,0.4376934414637673
it_niscemi_2025_0716,A2025,349,197,True,1.152766417570988,high,190.16104125976562,266.319091796875,271.1717224121094,269.83966064453125,228.05772399902344,266.85980224609375,269.0859069824219,268.72113037109375,223.05030822753906,269.3128662109375,277.36767578125,276.6631774902344,259.68121337890625,400.5101623535156,477.5670166015625,494.43194580078125,0.2677135215696266,0.12177811774831904,0.14106105202889008,0.3350503512023125,0.3337002969464071,0.32757544870178623,0.4321807976987032,0.4365483845654229,0.41920680001094,0.45424307038353007,0.45650532362775753,0.4404423503781676,148,0.33753719418592787,0.34213252163114716,0.3237947917448518,49,0.7413311735296515,0.7449548371189121,0.7308669260474521
me_n_a_2025_0810,A2025,373,130,True,1.0741930863862412,mid,152.0454864501953,188.47962951660156,188.65367126464844,154.65106201171875,227.431640625,233.95779418945312,197.62762451171875,183.05039978027344,216.4534149169922,257.8993835449219,300.7845764160156,338.6952819824219,210.35537719726562,255.27154541015625,308.3961486816406,283.90692138671875,0.2771970535005096,-0.08117816456729177,-0.028989217204597573,0.2616504545629522,0.08349442624503,-0.010294285367933753,0.38827487933580884,0.35917609426526576,0.024681152142021268,0.45527547811677493,0.35524502577753436,-0.19298001023748945,107,0.4447578765940535,0.4119889974768831,-0.006157777759820959,23,0.19245841979339673,0.17608315619023818,0.1315937154097836
mk_jegunovce_2025_0811,A2025,229,147,True,1.0043360991426216,mid,182.1793212890625,247.8430633544922,256.3940734863281,250.1307373046875,237.34295654296875,261.0021667480469,261.29669189453125,257.5894470214844,210.4349822998047,245.32769775390625,262.9083251953125,263.4059753417969,267.6367492675781,363.2544250488281,418.40545654296875,466.3890686035156,0.3193037884833855,0.11318995917979191,0.21372912025091217,0.3177149505579251,0.28148936736844055,0.32463947900722845,0.3872114489023224,0.37549406249749273,0.37164221669677777,0.4636865352491196,0.4476940726917743,0.435222664779645,125,0.4320555390598031,0.4115889342192628,0.40777199975613565,22,0.3210139669724128,0.322212019512655,0.31830886142626524
mk_makedonski_brod_2025_0702,A2025,349,181,True,0.9756040185719405,mid,138.3856964111328,179.26998901367188,186.3173828125,184.81211853027344,157.57537841796875,179.67979431152344,184.927490234375,184.61329650878906,147.50015258789062,181.79454040527344,191.3984375,188.43405151367188,180.56077575683594,274.87237548828125,319.66851806640625,335.59002685546875,0.23357830164897486,0.12730005862304217,0.18309969610159726,0.3478064549221507,0.346315561931818,0.3386220056404906,0.41715442002394676,0.42150233825665895,0.40125965904393535,0.44929198205920473,0.4498844371549279,0.43849925076937324,142,0.6511296993870465,0.6510346040337869,0.6133303150540834,39,0.21819547195176214,0.22632149271898705,0.2209271601822851
mk_prilep_2026_0812,B2026,181,98,True,0.892507662968877,mid,231.00962829589844,300.14117431640625,314.8382568359375,310.0661315917969,281.0015869140625,311.9799499511719,324.3605041503906,323.52264404296875,256.7126159667969,300.8394775390625,319.8003845214844,319.92755126953125,299.1408386230469,404.5939025878906,493.1938781738281,522.6408081054688,0.22775629914243134,0.060637831305414,0.14183360203022832,0.2581668374223557,0.2289059524731717,0.25644090132151554,0.36163389131733803,0.34232658087441126,0.35157268029030675,0.4067318763038006,0.3809847240675436,0.3878634306623643,97,0.35828902011020347,0.3426338272892321,0.3544871793687022,1,0.9273260497897391,0.2903480873286193,-0.1413506451766755
mk_vasilevo_2025_0701,A2025,565,385,True,0.9246789573678716,mid,145.8125457763672,206.46070861816406,235.02093505859375,239.9051513671875,184.06753540039062,208.73599243164062,234.93287658691406,243.2467498779297,156.77310180664062,198.14955139160156,233.68336486816406,246.31137084960938,174.695068359375,250.56805419921875,320.6849060058594,370.792724609375,0.16533107004252667,-0.05365043861304075,0.10258999707917393,0.17602940535263256,0.16694890296876697,0.20919866650654872,0.2671281664429208,0.26740276144265585,0.2712991460100267,0.3529939088747649,0.3439818698325682,0.3357168183138033,333,0.23347496465674367,0.23397834440594345,0.24089634402594307,52,0.41828634915346596,0.41753372936604183,0.407857244702192
pt_cambra_e_carvalhal_2026_0702,B2026,181,128,True,0.8007954026354461,low,304.16546630859375,458.9833984375,294.60028076171875,209.41342163085938,436.23687744140625,479.5372314453125,619.276611328125,595.3594360351562,329.7838439941406,319.34844970703125,322.8927001953125,353.9293212890625,361.86090087890625,465.49530029296875,590.0640869140625,758.1343383789062,0.1594409189558167,-0.20553747691958923,0.08864471626211956,0.013989189260064205,-0.030165570186221347,0.3139598842221545,0.5007317216975034,-0.04950737565954766,0.4527836766274188,0.7237779493293481,0.21470456369488056,0.5331575113114413,97,0.35206967136905987,-0.16594909828718252,0.4033463367040888,31,0.8806284952848725,0.2480517967505541,0.579117644648725
pt_castedo_2026_0808,B2026,181,123,True,0.8410338498887994,mid,331.35205078125,518.8438720703125,567.9208374023438,742.9158935546875,477.60552978515625,526.1243896484375,560.3323364257812,725.73681640625,373.6331787109375,467.8034973144531,526.7916259765625,721.8798217773438,407.1341552734375,530.943115234375,608.6057739257812,823.4375,0.18613546299325112,-0.17309128600224932,0.0822848590042764,0.02278820991721775,0.009075785046784857,0.11891974132115846,0.06684940936560846,0.07931807348559083,0.13442880671584934,0.09778715014231498,0.11864978652751423,0.12333380277514228,98,0.03298959374448818,0.05092345228996409,0.12505085542947847,25,0.13864888156931854,0.1395286887292263,0.1543141177436661
pt_cerdeira_2026_0727,B2026,181,69,True,0.969917402743779,mid,25.097898483276367,36.19221878051758,37.56999206542969,40.658939361572266,30.09676742553711,39.92559051513672,56.16001892089844,77.24317169189453,33.166080474853516,39.668907165527344,37.462669372558594,37.10910415649414,33.60725021362305,40.16667175292969,42.16231918334961,43.475364685058594,0.2531998802715887,0.10445611484937634,0.013127219155546932,0.09894902412775142,0.006002021757637532,0.01239247778516872,0.10892017343613025,-0.331995488120034,0.11146563808204746,0.06478209772106325,-0.7767112996395658,0.14643374643737905,49,-0.02802159916168856,-0.07822104623002124,0.00599769083101076,20,0.9017117953826582,-1.8011633714268926,0.7220473040282671
pt_entre_ambos_os_rio_2025_0726,A2025,181,168,True,1.129784777885202,high,656.9616088867188,877.0465087890625,1136.9669189453125,1059.0555419921875,931.4756469726562,1039.6583251953125,1197.1419677734375,1153.4154052734375,872.375,1082.4287109375,1117.331298828125,1137.34765625,987.0969848632812,1276.5784912109375,1567.4935302734375,1635.8154296875,0.3344507997076783,0.05634840217684267,0.11622159384791442,0.31297094943444237,0.1855899716678503,0.15208605002366193,0.2746592588825696,0.2362699145784639,0.28718602198427257,0.3525824963061356,0.2948988105010223,0.3047212811366655,141,0.24403057885743995,0.16959987972710378,0.23218149997549797,27,0.4407191796758867,0.5977350201241616,0.5854051785366816
pt_ervededo_2025_0819,A2025,181,130,True,1.2680483097791828,high,242.42044067382812,387.600830078125,642.8202514648438,799.7340087890625,320.72723388671875,406.8399658203125,642.8981323242188,801.763671875,303.75408935546875,388.73101806640625,650.9990234375,810.6318359375,333.71307373046875,416.4407653808594,843.1284790039062,1092.8070068359375,0.27356624670442276,0.03891318880194161,0.08977467990719801,0.06925339135893327,0.02305441819982823,0.06653946879842787,0.2375773473761814,0.23748497609313923,0.22787684243971096,0.2681836739823118,0.2663263807244527,0.2582113485119705,106,0.20351840046357828,0.20211369006190572,0.19210607241155464,24,0.2925596712408486,0.2945856609014742,0.2856226150004014
pt_lazarim_2025_0908,A2025,445,329,True,1.13065829306105,high,193.12310791015625,231.98753356933594,251.83045959472656,244.1083984375,216.15676879882812,233.2632293701172,242.54739379882812,231.16452026367188,226.81182861328125,243.29405212402344,251.63803100585938,250.96490478515625,262.4534912109375,354.31915283203125,403.79510498046875,430.6486511230469,0.26416254926119254,0.17639972018851924,0.1358018231466792,0.34525827431261646,0.3416578598541127,0.3133477256891062,0.3763409796488063,0.3993305247953416,0.37681752972703597,0.4331611214828762,0.46321782348362095,0.41723977509115795,249,0.36624911608048993,0.4104676262333984,0.36661463774747227,80,0.40083213647904803,0.3723027325307451,0.40157827326264683
pt_lousa_e_vilarinho_2025_0814,A2025,181,172,True,0.9570809630795861,mid,1269.4921875,2233.3056640625,2611.301513671875,2569.232421875,2102.3291015625,2376.72705078125,2674.365966796875,2450.08349609375,1620.3076171875,2174.30322265625,2567.41064453125,2616.275390625,1903.608642578125,2930.992431640625,4159.533203125,4542.2548828125,0.33311282628939864,-0.10439144608801576,0.14882314518542017,0.23803772403042145,0.18910501947257663,0.2581682575552806,0.3722128454918835,0.35705141990748845,0.38276471922320765,0.43437070614492523,0.46060193465482213,0.4240139626411631,105,0.24576704791787418,0.18954571767283823,0.2404412794622487,67,0.4594555235672796,0.47262402046906205,0.4809624508471656
pt_medelim_2025_0728,A2025,205,120,True,0.8609322089469356,mid,80.34626007080078,125.02816009521484,176.57608032226562,71.65922546386719,89.40425109863281,127.93434143066406,144.69837951660156,70.61337280273438,124.72354888916016,201.1297149658203,220.43463134765625,94.65504455566406,108.99166870117188,182.6091766357422,233.03414916992188,154.03001403808594,0.2628220025597525,0.17971481523273947,-0.14434020852659102,0.31532378383911397,0.29940902320664964,-0.10142172847655839,0.24227379999353071,0.3790679175905175,0.05406725952889602,0.5347710255603269,0.5415609532745074,0.3854766218987725,101,0.028578176520064225,0.19183940987533443,-0.060637467764400155,19,0.7863813323129358,0.8557853670254725,0.3461260236083603
pt_pena_quinta_e_vila_2025_0803,A2025,181,174,True,0.9140636105069819,mid,649.5843505859375,1272.9063720703125,1457.0511474609375,1390.7647705078125,1115.392822265625,1325.397216796875,1340.1912841796875,1346.850830078125,881.4110107421875,1250.6904296875,1385.8609619140625,1394.36181640625,927.7086181640625,1478.3414306640625,2058.229248046875,2429.159423828125,0.2997970075221825,-0.2023094325381929,0.0499053328980581,0.1389632018237288,0.1034566242241387,0.15399081447260998,0.29208510235505414,0.3488619960816117,0.32667317635819526,0.4274707716317363,0.4455486054696173,0.4259899936049204,129,0.14179572147893038,0.23684157711164577,0.20526325626295594,45,0.6445624371814689,0.6115859538123575,0.6114188054642604
pt_real_2025_0728,A2025,229,223,True,0.7077307730046817,low,930.2877197265625,1775.0953369140625,2205.1513671875,1811.35498046875,1455.5869140625,1882.9381103515625,2131.8974609375,2212.6728515625,1256.0751953125,1782.401123046875,1953.85693359375,1868.045654296875,1317.3363037109375,1970.8228759765625,2260.9423828125,2393.8193359375,0.2938115217003121,-0.10494708903270222,0.04650377297419417,0.09931259751869637,0.04459292953023608,0.09560562505462222,0.024676000613336635,0.0570757233160778,0.13582188186359312,0.24332009802261767,0.07567257965357566,0.21963799596209477,146,-0.12760804655887514,-0.07918777890246442,0.00520512986006838,77,0.28256153042592413,0.28783072497231765,0.35701470656465806
pt_trancoso_sao_pedro_2025_0808,A2025,349,349,True,0.7537672993357668,low,5193.29345703125,8916.533203125,10376.033203125,10841.90234375,5506.11474609375,7145.408203125,7953.39892578125,9740.0087890625,5947.771484375,8455.546875,9802.8115234375,10599.6962890625,5517.001953125,9090.3037109375,12265.966796875,14912.845703125,0.058674711164528714,0.0019733919117217447,-0.07808036591431677,0.019116028830083898,0.2139527533576674,0.06982790191858579,0.15407946434613684,0.3515880926884999,0.200812158896846,0.27298232949073764,0.34687121539643684,0.2892237672088752,246,0.048721210968414974,0.23043163556605706,0.1191797790009802,103,0.2962907668469398,0.5151238067431929,0.3109986563438064
pt_vale_das_fontes_2025_0828,A2025,181,47,True,1.752420568790581,high,195.6534423828125,260.8357238769531,251.77230834960938,241.09825134277344,234.80108642578125,250.74197387695312,250.2772674560547,240.1356964111328,265.3379211425781,271.76104736328125,264.7476806640625,246.8967742919922,300.1872253417969,312.8467712402344,382.64678955078125,374.4425354003906,0.3482286191224857,0.21781785964264855,0.11609189618092142,0.16625086829917157,0.19851506575271993,0.1313285852817816,0.3420242499742794,0.345931354213439,0.3081147212162152,0.35611414690115917,0.35868478148628014,0.34062839835227054,42,0.18362537934039302,0.19376379332945903,0.17739155931904416,5,0.9537543954099714,0.9335970819947689,0.8129624714635064
pt_vilarandelo_2026_0722,B2026,178,120,True,1.3404838956373606,high,1163.3541259765625,1796.8297119140625,2013.105224609375,2051.983642578125,1805.6568603515625,2013.3509521484375,2043.9747314453125,2070.895263671875,1579.2086181640625,1819.32080078125,2008.1268310546875,2038.02099609375,1860.639892578125,2377.421630859375,3231.691650390625,3497.3515625,0.3747558941324186,0.029550603771252737,0.15125510075144522,0.24421074975053703,0.15313677388361924,0.23475046362575003,0.37707385407081007,0.3675217339506228,0.3786143455821478,0.413274986541155,0.4078675744592448,0.4172673351040185,88,0.3654633494596705,0.3678935118088299,0.3586818767201485,32,0.3948795517406646,0.366951388382027,0.40918272192598804
rs_zitoraa_2025_0706,A2025,181,85,True,1.01290635367773,mid,30.866966247558594,41.709686279296875,48.58125686645508,23.33536148071289,37.74956130981445,38.46054458618164,38.53377151489258,21.038623809814453,52.721954345703125,53.76085662841797,45.861656188964844,24.72528076171875,41.3411750793457,51.607059478759766,51.607059478759766,34.6458854675293,0.2533602107749493,0.08687739917014703,-0.27528920608846774,0.19178331994552822,0.25474256865940825,-0.04173454506828955,0.058631564031468075,0.25332363626041976,0.1113297937883787,0.3264608144426506,0.3927526017618397,0.28634294006162153,73,-0.07509935443545723,0.10815434250224043,0.08900786243389536,12,0.39084506811807207,0.6139520334924489,0.16678167115667752
tn_n_a_2026_0714,B2026,178,139,True,1.1822744621944328,high,951.024169921875,1669.0955810546875,1821.7149658203125,1967.99462890625,1417.2215576171875,1643.4752197265625,1871.0244140625,1958.1767578125,1155.9185791015625,1473.909912109375,1759.100830078125,1941.650146484375,1180.161865234375,1586.3616943359375,1919.03369140625,2161.843017578125,0.1941578541575687,-0.2008704901981675,0.02054233986623344,-0.05215323025899399,-0.03600283944988547,0.07088659706551703,0.05071235904911253,0.02501742286169517,0.08334030926311031,0.08966811516640094,0.09420955088301863,0.10185423701135721,109,-0.029931046893121538,-0.0829051887823582,-0.0010703639540452503,30,0.38713226343244955,0.4752373096923347,0.43547611005867337
tr_n_a_2025_0625,A2025,373,225,True,1.213762734700324,high,557.7700805664062,964.980224609375,979.470703125,1170.9241943359375,887.558349609375,1016.8936157226562,1003.0529174804688,1076.048828125,827.6068115234375,928.1012573242188,1102.855224609375,1065.8232421875,859.6333618164062,1146.138671875,1451.3333740234375,1651.24609375,0.35115352039404635,-0.03248476505607378,0.03725605789111841,0.15805979826966565,0.11276563589020883,0.19023650444853046,0.32512355833885576,0.30887490397897344,0.24010896162884965,0.29088450306231795,0.34834133313146554,0.3545339812026429,167,0.28989964621635056,0.28518667673678433,0.22063353392081408,58,0.4193030367427618,0.37221083112246345,0.2921808326422207
tr_n_a_2025_0630,A2025,229,89,True,1.4916867331440586,high,149.06732177734375,199.06072998046875,200.0690460205078,195.44134521484375,193.1614990234375,193.75677490234375,193.90394592285156,194.4051971435547,205.38490295410156,189.30499267578125,200.16603088378906,196.92889404296875,218.97190856933594,218.9247283935547,265.7898864746094,265.7898864746094,0.31923997579743146,0.1178708708095575,0.0620490806515126,0.09073437504682891,0.11496167507385113,0.1352964369768539,0.24726614441885397,0.27046153450471866,0.24690125144054076,0.2646772689241731,0.26857564175179405,0.259080559253028,52,0.10026930614250651,0.1264506388132408,0.10751829631865839,37,0.5570753758043254,0.573977957678333,0.5406636014958524
tr_n_a_2025_0630_b,A2025,229,119,True,1.0120693939855077,mid,605.2774658203125,1023.483642578125,967.7134399414062,1078.461669921875,853.2222290039062,1006.4904174804688,1053.64453125,1182.0167236328125,846.36572265625,911.1935424804688,874.0873413085938,944.6292114257812,989.73779296875,1173.431884765625,1331.894775390625,1520.7386474609375,0.38844664706117416,0.13793104086220753,0.14485863966298684,0.1277860642225943,0.1422677101692189,0.2234798165021179,0.27343101135178627,0.20891308328694236,0.34372642834923883,0.29083036607078994,0.2227351322948643,0.3788352699505879,84,0.03835512288002163,-0.005494755251836514,0.21668106101418116,35,0.4516728661535505,0.3714838833089136,0.4400561389991914
tr_n_a_2025_0720,A2025,181,106,True,1.0076710726037448,mid,695.95068359375,1376.800537109375,1722.4954833984375,1543.5087890625,1151.4052734375,1402.4208984375,1425.217529296875,1392.120849609375,1041.482177734375,1544.3287353515625,1623.5516357421875,1589.6322021484375,1227.2537841796875,2123.09619140625,2822.026123046875,2991.6904296875,0.4329203196884558,0.06180344417751027,0.1513717935443032,0.35151287884067095,0.33944542686565926,0.27260538566146464,0.3896245433976707,0.4949665711251102,0.4246858232519559,0.4840680126039215,0.5346708216214769,0.46865083821039466,69,0.4301061499665445,0.6269339479882678,0.5014584643106609,37,0.3551699981564289,0.38264675311811136,0.35934329964782097
tr_n_a_2025_0723,A2025,181,128,True,0.7859647381190245,low,335.2452697753906,572.367431640625,700.074462890625,736.8255615234375,638.621826171875,649.7205200195312,708.298828125,637.994384765625,549.6155395507812,716.6716918945312,782.2950439453125,749.12841796875,607.2952880859375,924.1937255859375,1228.534423828125,1450.986083984375,0.44796991455011825,-0.051583700220483975,0.09497809330441254,0.38068457316376514,0.296986657632187,0.22454386774789836,0.43015478499236004,0.42346033258235116,0.3632290404141272,0.4921897806902936,0.5603028920761894,0.48371081829285345,91,0.3582568360533024,0.28606930552395593,0.2894191114379985,37,0.498407149586066,0.5538853456754139,0.43329651954626214
tr_n_a_2025_0726,A2025,205,88,True,0.8378074733964554,mid,325.1005554199219,626.3168334960938,850.2560424804688,831.3695068359375,612.7755737304688,828.5883178710938,889.9115600585938,833.2139282226562,547.6373291015625,799.5718994140625,891.2123413085938,854.1066284179688,600.0181884765625,1037.93408203125,1483.8785400390625,1611.4296875,0.45818216570176395,-0.02126166422770792,0.08729878590513107,0.3965735933149205,0.20169466229537814,0.2296505979943444,0.4270042867133276,0.40028005254718,0.39940344356948987,0.4840795640759613,0.48293497712871436,0.4699696579730732,70,0.33858597388618816,0.3246860948528648,0.312726044573978,18,0.9364619302456721,0.8358448571065772,0.8988304758289767
tr_n_a_2025_0808,A2025,373,139,True,1.0984763270548152,high,388.5962829589844,854.31689453125,925.6279907226562,858.6119995117188,813.151611328125,860.2692260742188,870.3201293945312,855.1373901367188,565.919189453125,872.9098510742188,986.602294921875,888.2162475585938,574.6776733398438,1091.3265380859375,1547.4317626953125,1532.8101806640625,0.323801322051392,-0.4149699023495146,0.015240689334278912,0.2171757354772802,0.21172151867301514,0.20013871136570793,0.4018295261624979,0.43757123876104886,0.3624259765720371,0.4398445349966683,0.44211135799851886,0.42053082712838585,92,0.5023860207493278,0.5654366351664777,0.48142248609750826,47,0.27017838998627164,0.2701663788931956,0.2066326857444709
tr_n_a_2026_0729,B2026,181,65,True,0.9079612728209351,mid,27.6054744720459,27.16094398498535,29.46458625793457,26.154163360595703,28.06433868408203,27.857513427734375,28.003686904907227,26.456323623657227,28.957963943481445,28.72284698486328,28.842044830322266,27.50983238220215,29.41384506225586,26.76461410522461,29.413846969604492,27.536924362182617,0.06148025143881919,0.04587997167039981,0.015498861771030548,-0.014807980350569627,-0.040833741081154784,-0.07316499583890557,-0.0017250136774871194,0.047942048048134844,0.019439896449896965,0.05021479462992995,0.03924188207487023,0.0009838418998483478,59,-0.05636001431119131,-0.011783894503644143,-0.022040185715113347,6,0.864774037714843,0.9951830556599915,0.6773027677849415
tr_n_a_2026_0729_b,B2026,181,55,True,0.8510789327985292,mid,121.82428741455078,306.5865783691406,219.90451049804688,210.5018768310547,182.29676818847656,210.8028106689453,210.35707092285156,203.31886291503906,243.73068237304688,378.3707275390625,322.840576171875,207.84561157226562,208.845458984375,358.3708801269531,369.3927307128906,362.3199462890625,0.4166773459811487,0.12712122602524345,-0.1670384578066495,0.14449918960901031,0.41177472177910135,-0.05580768003534331,0.40468641580018805,0.43053272727678293,0.12602347223015098,0.4190165929669404,0.43884165087386817,0.42634786270793856,32,0.12704500233309945,0.4190563089055167,0.03197028108560018,23,0.5099657376842495,0.4348845418185987,0.1616876732568393
