event,block,n_fire,peak_utc,SS_M2,SS_B6,M2_wins,worst_day_M2,worst_day_share_M2,worst_day_is_postpeak,postpeak_n,postpeak_bias_M2,postpeak_bias_B6,postpeak_dAE,total_dAE,rest_dAE,decided_by_postpeak
al_delvine_2025_0724,A2025,136,2025-07-25 13:00:00,0.4400708079338074,0.369931161403656,True,2025-07-26,0.7054884805154696,True,23,-529.4298095703125,-657.5964965820312,2608.13037109375,2302.08203125,-306.04833984375,True
al_finiq_2025_0806,A2025,211,2025-08-12 14:00:00,0.2192482352256775,0.25437450408935547,False,2025-08-12,0.4067096260461733,False,24,1324.8719482421875,-1716.6292724609375,-42283.34375,-17070.150390625,25213.193359375,True
al_tirane_2025_0722,A2025,134,2025-07-22 13:00:00,0.39881813526153564,0.3822798728942871,True,2025-07-25,0.4688683984185838,False,1,0.2542375326156616,1.4441993236541748,1.1899617910385132,1486.777587890625,1485.5876260995865,False
ba_n_a_2025_0706,A2025,144,2025-07-09 19:00:00,0.37579429149627686,0.37375569343566895,True,2025-07-14,0.2944818051028925,False,0,,,0.0,61.08053970336914,61.08053970336914,False
ba_n_a_2025_0811,A2025,125,2025-08-21 07:00:00,0.2117345929145813,0.3444485664367676,False,2025-08-21,0.4281659147919151,False,0,,,0.0,-1765.654296875,-1765.654296875,False
cy_n34e32_2025_0723,A2025,118,2025-07-23 14:00:00,0.33237117528915405,0.34159237146377563,False,2025-07-27,0.22477321302696152,False,1,4.044482707977295,1.1541578769683838,-2.890324831008911,-271.9792175292969,-269.08889269828796,False
es_avila_2025_0808,A2025,47,2025-08-15 17:00:00,0.39712291955947876,0.39381730556488037,True,2025-08-15,0.9787365506048898,False,0,,,0.0,117.6198959350586,117.6198959350586,False
es_buron_2025_0810,A2025,291,2025-08-16 17:00:00,0.012400984764099121,-0.11455917358398438,True,2025-08-16,0.3827094164857474,False,24,-6439.35791015625,-7577.51416015625,25302.169921875,117013.3125,91711.142578125,False
es_caceres_2025_0808,A2025,107,2025-08-15 18:00:00,0.4203157424926758,0.3692336082458496,True,2025-08-15,0.4236564397990618,False,21,300.50079345703125,604.841064453125,5806.1630859375,17380.9296875,11574.7666015625,False
es_carballeda_de_avia_2025_0815,A2025,104,2025-08-16 16:00:00,0.32645052671432495,0.3508577346801758,False,2025-08-17,0.7043310634692553,True,23,-2038.8944091796875,-1795.6754150390625,2057.23291015625,-2455.2470703125,-4512.47998046875,False
es_llerena_2025_0814,A2025,41,2025-08-14 16:00:00,-0.08358538150787354,-0.11714744567871094,True,2025-08-16,0.7059541840656631,False,1,0.0,2.2621920108795166,2.2621920108795166,69.231689453125,66.96949744224548,False
es_murias_de_paredes_2025_0821,A2025,169,2025-08-25 13:00:00,0.1204519271850586,0.06028169393539429,True,2025-08-26,0.30053488522661975,True,24,-6382.54296875,-6548.31201171875,3978.460693359375,34868.51171875,30890.051025390625,False
es_navaconcejo_2025_0812,A2025,200,2025-08-17 18:00:00,-0.1742568016052246,-0.04565870761871338,False,2025-08-17,0.25521130589276475,False,24,-3296.3525390625,-3194.567138671875,-3.631561279296875,-73875.484375,-73871.8528137207,False
es_oimbra_2025_0813,A2025,220,2025-08-16 14:00:00,0.26343709230422974,0.2316703200340271,True,2025-08-16,0.36512216634985817,False,24,-4653.14013671875,-4233.1630859375,-4604.390625,76462.1484375,81066.5390625,False
es_peranzanes_2025_0810,A2025,181,2025-08-17 19:00:00,-0.051927804946899414,-0.039238810539245605,False,2025-08-15,0.2942155111824267,False,24,-6699.80615234375,-6223.986328125,-11399.720703125,-11017.2685546875,382.4521484375,True
es_puertas_2025_0813,A2025,66,2025-08-15 18:00:00,0.4436442255973816,0.4251171350479126,True,2025-08-15,0.9503399730847252,False,24,-196.329833984375,93.46578979492188,6495.1962890625,3520.738525390625,-2974.457763671875,True
es_rua_a_2025_0808,A2025,397,2025-08-17 18:00:00,0.09669607877731323,0.04824727773666382,True,2025-08-16,0.1981908698069562,False,24,-32892.35546875,-32543.228515625,-8387.9345703125,335750.25,344138.1845703125,False
es_una_de_quintana_2025_0810,A2025,179,2025-08-17 19:00:00,0.2080797553062439,0.23625022172927856,False,2025-08-17,0.30513576083264626,False,24,-2024.5191650390625,-1838.8372802734375,-1770.8623046875,-17607.9140625,-15837.0517578125,False
es_valmojado_2025_0717,A2025,27,2025-07-17 16:00:00,0.4731000065803528,0.42509859800338745,True,2025-07-20,0.9852439358792192,False,0,,,0.0,286.4051513671875,286.4051513671875,False
es_villablino_2025_0809,A2025,181,2025-08-17 19:00:00,-0.10652339458465576,-0.10447478294372559,False,2025-08-15,0.3639676293029529,False,12,-4453.14111328125,-4425.48193359375,-317.83233642578125,-1345.57763671875,-1027.7453002929688,False
fr_coustouge_2025_0805,A2025,133,2025-08-05 18:00:00,0.43866801261901855,0.3192410469055176,True,2025-08-09,0.28034101113636234,False,1,0.0,1.3929598331451416,1.3929598331451416,6863.349609375,6861.956649541855,False
gr_n37e21_2025_0808,A2025,132,2025-08-12 13:00:00,0.4309167265892029,0.3979353904724121,True,2025-08-12,0.7925141960201351,False,20,-592.1893920898438,-942.8721923828125,4198.326171875,5765.095703125,1566.76953125,False
it_custonaci_2025_0720,A2025,183,2025-07-25 12:00:00,0.36849236488342285,0.3545072674751282,True,2025-07-25,0.5901948848424318,False,14,-119.22351837158203,-120.09835052490234,-16.45064353942871,474.64453125,491.0951747894287,False
it_niscemi_2025_0716,A2025,197,2025-07-24 14:00:00,0.4365484118461609,0.43218082189559937,True,2025-07-24,0.35971184639667986,False,24,-644.7777709960938,-641.560546875,-40.342445373535156,410.9028015136719,451.24524688720703,False
me_n_a_2025_0810,A2025,130,2025-08-11 10:00:00,0.3591760993003845,0.3882749080657959,False,2025-08-12,0.3980985388960624,True,24,-145.04209899902344,-167.52438354492188,-246.14576721191406,-1166.6146240234375,-920.4688568115234,False
mk_jegunovce_2025_0811,A2025,147,2025-08-21 14:00:00,0.3754940629005432,0.3872114419937134,False,2025-08-21,0.5258525857060381,False,0,,,0.0,-720.6804809570312,-720.6804809570312,False
mk_makedonski_brod_2025_0702,A2025,181,2025-07-07 14:00:00,0.42150235176086426,0.4171544313430786,True,2025-07-07,0.8463842078237326,False,9,-197.5354766845703,-177.62860107421875,144.22528076171875,251.57374572753906,107.34846496582031,False
mk_vasilevo_2025_0701,A2025,385,2025-07-02 15:00:00,0.2674027681350708,0.2671281695365906,True,2025-07-25,0.3061476311104339,False,20,-44.20326232910156,-83.89409637451172,-323.7735900878906,33.907379150390625,357.68096923828125,False
pt_entre_ambos_os_rio_2025_0726,A2025,168,2025-07-30 19:00:00,0.23626989126205444,0.27465927600860596,False,2025-07-30,0.33711252408486825,False,24,-1044.20263671875,-1321.1158447265625,3006.38720703125,-10109.4248046875,-13115.81201171875,False
pt_ervededo_2025_0819,A2025,130,2025-08-18 15:00:00,0.23748499155044556,0.23757731914520264,False,2025-08-28,0.469919355577479,False,0,,,0.0,-10.123741149902344,-10.123741149902344,False
pt_lazarim_2025_0908,A2025,329,2025-09-08 17:00:00,0.3993304967880249,0.37634098529815674,True,2025-09-12,0.16189704887050396,False,0,,,0.0,3054.12353515625,3054.12353515625,False
pt_lousa_e_vilarinho_2025_0814,A2025,172,2025-08-15 11:00:00,0.35705143213272095,0.37221282720565796,False,2025-08-17,0.3888116757183616,False,24,-1909.419921875,-1259.1468505859375,4637.359375,-10847.037109375,-15484.396484375,False
pt_medelim_2025_0728,A2025,120,2025-07-28 20:00:00,0.37906789779663086,0.24227380752563477,True,2025-07-30,0.8170205330143029,False,1,557.3499755859375,3.133028268814087,-554.2169189453125,3825.325439453125,4379.5423583984375,False
pt_pena_quinta_e_vila_2025_0803,A2025,174,2025-08-04 02:00:00,0.3488619923591614,0.29208511114120483,True,2025-08-10,0.3560825683094161,False,24,-5.066555023193359,751.2761840820312,12097.203125,20333.599609375,8236.396484375,False
pt_real_2025_0728,A2025,223,2025-07-29 05:00:00,0.05707573890686035,0.024676024913787842,True,2025-08-03,0.2697909601129176,False,24,1441.0479736328125,-555.3085327148438,3372.830810546875,16335.556640625,12962.725830078125,False
pt_trancoso_sao_pedro_2025_0808,A2025,349,2025-08-15 15:00:00,0.35158807039260864,0.15407943725585938,True,2025-08-14,0.25117209882854513,False,24,-5977.5234375,-4910.92138671875,-11314.818359375,845499.5,856814.318359375,False
pt_vale_das_fontes_2025_0828,A2025,47,2025-08-28 18:00:00,0.34593135118484497,0.3420242667198181,True,2025-09-06,0.44841790723601643,False,1,0.0,1.267392873764038,1.267392873764038,70.26960754394531,69.00221467018127,False
rs_zitoraa_2025_0706,A2025,85,2025-07-07 15:00:00,0.25332361459732056,0.0586315393447876,True,2025-07-08,0.5524393779927131,True,16,-102.74095916748047,-75.65084838867188,284.74127197265625,854.035888671875,569.2946166992188,False
tr_n_a_2025_0625,A2025,225,2025-07-03 16:00:00,0.3088749051094055,0.32512354850769043,False,2025-07-03,0.37605712865051355,False,16,343.7278137207031,-180.27206420898438,-5012.32275390625,-5306.0068359375,-293.68408203125,False
tr_n_a_2025_0630,A2025,89,2025-06-30 09:00:00,0.2704615592956543,0.24726617336273193,True,2025-07-04,0.8251003812438786,False,0,,,0.0,548.6946411132812,548.6946411132812,False
tr_n_a_2025_0630_b,A2025,119,2025-06-29 15:00:00,0.20891308784484863,0.2734310030937195,False,2025-07-03,0.5261817896104289,False,0,,,0.0,-10225.8095703125,-10225.8095703125,False
tr_n_a_2025_0720,A2025,106,2025-07-21 16:00:00,0.4949665665626526,0.38962453603744507,True,2025-07-23,0.6292757146893743,False,24,-1735.2442626953125,-1620.3443603515625,13983.0625,31511.46484375,17528.40234375,False
tr_n_a_2025_0723,A2025,128,2025-07-26 17:00:00,0.42346030473709106,0.43015480041503906,False,2025-07-26,0.6528642496656761,False,16,288.76165771484375,-26.29459571838379,-4238.80224609375,-1052.709716796875,3186.092529296875,True
tr_n_a_2025_0726,A2025,88,2025-07-27 16:00:00,0.40028005838394165,0.42700427770614624,False,2025-07-28,0.9213364015808917,True,24,-3004.147216796875,-2820.148681640625,-1692.934326171875,-3489.672607421875,-1796.73828125,False
tr_n_a_2025_0808,A2025,139,2025-08-08 14:00:00,0.4375712275505066,0.4018295407295227,True,2025-08-16,0.5823687814414426,False,1,0.0,1.0474575757980347,1.0474575757980347,7687.779296875,7686.731839299202,False
al_puke_2026_0814,B2026,111,2026-08-21 12:00:00,0.34498798847198486,0.40880483388900757,False,2026-08-21,0.30377870290486136,False,0,,,0.0,-2390.67724609375,-2390.67724609375,False
ba_n_a_2026_0810,B2026,151,2026-08-19 14:00:00,0.03221970796585083,0.16429930925369263,False,2026-08-19,0.49585713467206205,False,0,,,0.0,-9155.73828125,-9155.73828125,False
dz_n_a_2026_0706,B2026,137,2026-07-15 21:00:00,0.3070827126502991,0.33171528577804565,False,2026-07-14,0.34797971996336796,False,0,,,0.0,-7450.52197265625,-7450.52197265625,False
dz_n_a_2026_0708,B2026,170,2026-07-17 13:00:00,0.3288119435310364,0.32539016008377075,True,2026-07-17,0.4183478206385713,False,0,,,0.0,1464.574951171875,1464.574951171875,False
dz_n_a_2026_0712,B2026,168,2026-07-12 15:00:00,0.4003032445907593,0.43660402297973633,False,2026-07-21,0.3229248582968356,False,1,-235.20562744140625,-230.38870239257812,-4.816925048828125,-4828.90673828125,-4824.089813232422,False
dz_n_a_2026_0716,B2026,117,2026-07-16 16:00:00,0.42528820037841797,0.4304179549217224,False,2026-07-22,0.44789919053329486,False,1,-41.20000076293945,-40.57157516479492,-0.6284255981445312,-504.94146728515625,-504.3130416870117,False
es_fermoselle_2026_0729,B2026,44,2026-07-29 15:00:00,0.05567789077758789,0.03666961193084717,True,2026-08-05,0.5173705782870872,False,0,,,0.0,48.72777557373047,48.72777557373047,False
es_gallardos_los_2026_0709,B2026,32,2026-07-09 18:00:00,0.29250186681747437,-0.1257723569869995,True,2026-07-13,0.49839809539297913,False,1,-98.9698715209961,-87.22239685058594,-11.747474670410156,407.8173522949219,419.56482696533203,False
es_luesia_2026_0715,B2026,134,2026-07-15 18:00:00,0.33618491888046265,0.17830157279968262,True,2026-07-17,0.6146601317756397,False,1,-282.3938293457031,884.6049194335938,602.2110595703125,24273.6953125,23671.484252929688,False
es_mierla_la_2026_0716,B2026,138,2026-07-19 18:00:00,0.2604331970214844,0.3059089183807373,False,2026-07-19,0.3998117389097036,False,24,-12958.7578125,-11648.3798828125,-32280.94140625,-49454.171875,-17173.23046875,False
es_navaluenga_2026_0722,B2026,112,2026-07-24 15:00:00,0.060426414012908936,0.11372160911560059,False,2026-07-24,0.5731967524288809,False,24,-13318.07421875,-12160.375,-19772.5859375,-58309.23828125,-38536.65234375,False
es_niebla_2026_0807,B2026,151,2026-08-09 16:00:00,0.3244297504425049,0.3107130527496338,True,2026-08-09,0.28696025963543187,False,24,-10564.4267578125,-8492.0439453125,-48195.04296875,21978.71875,70173.76171875,False
es_nules_2026_0725,B2026,78,2026-07-26 15:00:00,0.24938666820526123,0.2200489640235901,True,2026-07-27,0.4471966190339751,True,24,-62.3712158203125,438.7753601074219,1566.0693359375,1513.317138671875,-52.752197265625,True
es_penas_de_riglos_la_2026_0810,B2026,154,2026-08-10 14:00:00,0.13122236728668213,0.23529481887817383,False,2026-08-12,0.4215106530956227,False,1,445.4947204589844,8.76311206817627,-436.7315979003906,-17794.5234375,-17357.79183959961,False
es_pinofranqueado_2026_0818,B2026,73,2026-08-19 14:00:00,0.835021510720253,0.6855197846889496,True,2026-08-20,0.3306635699411114,True,22,-8.790207862854004,97.9179458618164,2400.053955078125,2666.18408203125,266.130126953125,False
es_san_bartolome_de_l_2026_0605,B2026,85,2026-06-08 15:00:00,0.37663018703460693,0.3438946008682251,True,2026-06-08,0.7450667781553962,False,21,-326.0690002441406,-755.7555541992188,3119.38427734375,4117.53271484375,998.1484375,False
es_soba_2026_0224,B2026,77,2026-02-24 21:00:00,0.2736387252807617,0.2778605818748474,False,2026-02-26,0.7671128374394417,False,1,0.0,0.0,0.0,-25.678897857666016,-25.678897857666016,False
es_valdesamario_2026_0722,B2026,171,2026-07-22 21:00:00,0.32483285665512085,0.3091777563095093,True,2026-07-29,0.3323443284530256,False,0,,,0.0,3588.9140625,3588.9140625,False
fr_montalba_le_chatea_2026_0704,B2026,122,2026-07-05 16:00:00,0.5537659823894501,0.4906533360481262,True,2026-07-06,0.4634951722051028,True,24,-614.4353637695312,-743.344482421875,3053.11767578125,5316.60888671875,2263.4912109375,False
fr_porge_2026_0722,B2026,93,2026-07-23 20:00:00,-0.19170701503753662,0.4139830470085144,False,2026-07-24,0.759411625739803,True,15,6743.07470703125,-707.516357421875,-109673.578125,-110461.46875,-787.890625,False
fr_solaure_en_diois_2026_0703,B2026,122,2026-07-06 15:00:00,0.29723280668258667,0.41540205478668213,False,2026-07-06,0.45426785623283583,False,24,-227.9041290283203,-245.9545440673828,-613.2493896484375,-11883.4970703125,-11270.247680664062,False
gr_n37e22_2026_0731,B2026,72,2026-07-31 13:00:00,0.17705166339874268,0.18271321058273315,False,2026-08-02,0.5196444806977095,False,1,-3913.279541015625,-5870.42626953125,1957.146728515625,-626.6082153320312,-2583.7549438476562,False
hr_knin_2026_0813,B2026,150,2026-08-19 14:00:00,0.3785019516944885,0.3687511682510376,True,2026-08-19,0.42266576599374406,False,23,-1259.2763671875,-1329.787841796875,1707.6036376953125,1363.9918212890625,-343.61181640625,True
it_bivona_2026_0714,B2026,172,2026-07-22 15:00:00,0.33774030208587646,0.3251035809516907,True,2026-07-21,0.3066326366958484,False,4,31.29314422607422,13.241369247436523,-72.20710754394531,6859.57958984375,6931.786697387695,False
mk_prilep_2026_0812,B2026,98,2026-08-19 18:00:00,0.3423265814781189,0.36163389682769775,False,2026-08-19,0.4236784762306427,False,24,-176.95997619628906,-180.53497314453125,-542.4954833984375,-933.1802978515625,-390.684814453125,False
pt_cambra_e_carvalhal_2026_0702,B2026,128,2026-07-03 00:00:00,-0.04950737953186035,0.5007317364215851,False,2026-07-04,0.7655677065407953,True,21,2889.741455078125,-247.0609588623047,-45059.05859375,-41558.5703125,3500.48828125,True
pt_castedo_2026_0808,B2026,123,2026-08-17 22:00:00,0.07931804656982422,0.06684941053390503,True,2026-08-16,0.5751911272346731,False,0,,,0.0,933.385498046875,933.385498046875,False
pt_cerdeira_2026_0727,B2026,69,2026-07-28 16:00:00,-0.33199548721313477,0.108920156955719,False,2026-07-29,0.39193717002383227,True,12,114.48787689208984,1.500085473060608,-1321.6334228515625,-1282.7119140625,38.9215087890625,True
pt_vilarandelo_2026_0722,B2026,120,2026-07-30 17:00:00,0.3675217628479004,0.37707382440567017,False,2026-07-30,0.422193889739189,False,12,-497.6612243652344,-437.3092041015625,930.0650024414062,-3704.33837890625,-4634.403381347656,False
tn_n_a_2026_0714,B2026,139,2026-07-23 13:00:00,0.02501744031906128,0.05071234703063965,False,2026-07-22,0.48381619468569836,False,0,,,0.0,-6854.03125,-6854.03125,False
tr_n_a_2026_0729,B2026,65,2026-07-29 13:00:00,0.04794204235076904,-0.0017249584197998047,True,2026-07-31,0.4609670893498694,False,1,0.5559427738189697,0.4763167202472687,-0.07962605357170105,94.95853424072266,95.03816029429436,False
tr_n_a_2026_0729_b,B2026,55,2026-07-29 16:00:00,0.4305327534675598,0.4046863913536072,True,2026-07-31,0.9082338522415637,False,1,17.24599266052246,4.6404337882995605,-12.605558395385742,525.1090087890625,537.7145671844482,False
