event_name,pool,set_membership,country,start,end,ignition_year,duration_days,lon_min,lon_max,lat_min,lat_max,box_area_deg2,box_area_km2_approx,fire_slots,complete_days,gap_rate,sat_rate,peak_frp_mw,gate_fire_slots_ge15,gate_duration_ge5d,gate_complete_days_ge3,gate_gap_rate_lt040,gate_sat_rate_lt030,gate_all_criteria_pass,gate_metrics_source,gate_verdict_source,n_windows,n_fire,evaluable,in_primary,in_sensitivity,d7_restored,pixel_disjoint_dropped,dropped_in_favour_of,overlap_fraction,split_v6,split_seed,legacy_split,intensity_tier,wind_regime,date_added
tr_n_a_2025_0625,2025 test block,2025 primary,TR,2025-06-24,2025-07-12,2025,19.0,26.0,27.5,37.75,39.0,1.875,18093.0,106,19,0.0,0.0184,11560.8,True,True,True,True,True,True,gate_results_w1_testA_2026-08-25.csv,frozen gate (see criteria),373.0,225.0,True,True,True,False,False,,,,,test_A_2025,,,2026-08-25
tr_n_a_2025_0630,2025 test block,2025 primary,TR,2025-06-29,2025-07-11,2025,13.0,35.75,36.75,36.0,37.25,1.25,12348.0,40,13,0.0,0.0365,8169.9,True,True,True,True,True,True,gate_results_w1_testA_2026-08-25.csv,frozen gate (see criteria),229.0,89.0,True,True,True,False,False,,,,,test_A_2025,,,2026-08-25
tr_n_a_2025_0630_b,2025 test block,2025 primary,TR,2025-06-29,2025-07-11,2025,13.0,27.5,28.25,37.75,39.0,0.9375,9046.0,81,13,0.0,0.0074,10882.3,True,True,True,True,True,True,gate_results_w1_testA_2026-08-25.csv,frozen gate (see criteria),229.0,119.0,True,True,True,False,False,,,,,test_A_2025,,,2026-08-25
mk_vasilevo_2025_0701,2025 test block,2025 primary,MK,2025-06-30,2025-07-26,2025,27.0,22.0,23.25,40.75,42.0,1.5625,14432.0,151,26,0.0,0.0087,8282.0,True,True,True,True,True,True,gate_results_w1_testA_2026-08-25.csv,frozen gate (see criteria),565.0,385.0,True,True,True,False,False,,,,,test_A_2025,,,2026-08-25
mk_makedonski_brod_2025_0702,2025 test block,2025 primary,MK,2025-07-01,2025-07-18,2025,18.0,21.0,21.75,41.25,42.5,0.9375,8592.0,53,17,0.0,0.0,7442.2,True,True,True,True,True,True,gate_results_w1_testA_2026-08-25.csv,frozen gate (see criteria),349.0,181.0,True,True,True,False,False,,,,,test_A_2025,,,2026-08-25
ba_n_a_2025_0706,2025 test block,2025 primary,BA,2025-07-05,2025-07-18,2025,14.0,17.75,18.75,42.25,43.25,1.0,9039.0,57,13,0.0,0.0,2068.9,True,True,True,True,True,True,gate_results_w1_testA_2026-08-25.csv,frozen gate (see criteria),253.0,144.0,True,True,True,False,False,,,,,test_A_2025,,,2026-08-25
rs_zitoraa_2025_0706,2025 test block,2025 primary,RS,2025-07-05,2025-07-15,2025,11.0,21.25,22.0,42.75,43.5,0.5625,5053.0,32,10,0.0,0.0021,19922.3,True,True,True,True,True,True,gate_results_2026-08-24.csv,frozen gate (see criteria),181.0,85.0,True,True,True,False,False,,,,,test_A_2025,,,2026-08-24
it_niscemi_2025_0716,2025 test block,2025 primary,IT,2025-07-15,2025-08-01,2025,18.0,13.75,14.75,36.75,38.0,1.25,12227.0,76,17,0.0,0.002,5653.2,True,True,True,True,True,True,gate_results_w1_testA_2026-08-25.csv,frozen gate (see criteria),349.0,197.0,True,True,True,False,False,,,,,test_A_2025,,,2026-08-25
es_valmojado_2025_0717,2025 test block,2025 primary,ES,2025-07-16,2025-07-26,2025,11.0,-4.5,-3.75,39.75,40.75,0.75,7046.0,19,11,0.0,0.0075,10968.3,True,True,True,True,True,True,gate_results_2026-08-24.csv,frozen gate (see criteria),181.0,27.0,True,True,True,False,False,,,,,test_A_2025,,,2026-08-24
it_custonaci_2025_0720,2025 test block,2025 descriptive-only (pixel-disjointness drop),IT,2025-07-19,2025-08-04,2025,17.0,12.25,14.0,37.0,38.5,2.625,25547.0,73,17,0.0,0.0,3576.0,True,True,True,True,True,True,gate_results_w1_testA_2026-08-25.csv,frozen gate (see criteria),325.0,183.0,True,False,False,False,True,it_niscemi_2025_0716,0.127,,,test_A_2025,,,2026-08-25
tr_n_a_2025_0720,2025 test block,2025 primary,TR,2025-07-19,2025-07-29,2025,11.0,29.5,30.5,40.0,40.75,0.75,7033.0,68,11,0.0,0.0108,25746.0,True,True,True,True,True,True,gate_results_2026-08-24.csv,frozen gate (see criteria),181.0,106.0,True,True,True,False,False,,,,,test_A_2025,,,2026-08-24
al_tirane_2025_0722,2025 test block,2025 primary,AL,2025-07-21,2025-08-04,2025,15.0,19.5,20.5,41.0,42.0,1.0,9219.0,117,15,0.0,0.0013,8642.5,True,True,True,True,True,True,gate_results_w1_testA_2026-08-25.csv,frozen gate (see criteria),277.0,134.0,True,True,True,False,False,,,,,test_A_2025,,,2026-08-25
cy_n34e32_2025_0723,2025 test block,2025 primary,CY,2025-07-22,2025-08-01,2025,11.0,32.5,33.25,34.25,35.25,0.75,7585.0,61,11,0.0,0.0049,30542.2,True,True,True,True,True,True,gate_results_2026-08-24.csv,frozen gate (see criteria),181.0,118.0,True,True,True,False,False,,,,,test_A_2025,,,2026-08-24
tr_n_a_2025_0723,2025 test block,2025 primary,TR,2025-07-22,2025-08-01,2025,11.0,32.25,33.25,40.75,41.5,0.75,6954.0,84,11,0.0,0.0063,13098.1,True,True,True,True,True,True,gate_results_2026-08-24.csv,frozen gate (see criteria),181.0,128.0,True,True,True,False,False,,,,,test_A_2025,,,2026-08-24
al_delvine_2025_0724,2025 test block,2025 primary,AL,2025-07-23,2025-08-03,2025,12.0,19.25,20.5,39.25,41.0,2.1875,20588.0,82,12,0.0,0.0032,12827.5,True,True,True,True,True,True,gate_results_w1_testA_2026-08-25.csv,frozen gate (see criteria),205.0,136.0,True,True,True,False,False,,,,,test_A_2025,,,2026-08-25
pt_entre_ambos_os_rio_2025_0726,2025 test block,2025 primary,PT,2025-07-25,2025-08-04,2025,11.0,-8.75,-7.75,41.5,42.25,0.75,6874.0,143,11,0.0,0.0014,11757.9,True,True,True,True,True,True,gate_results_e21_2026-08-25.csv,frozen gate (see criteria),181.0,168.0,True,True,True,False,False,,,,,test_A_2025,,,2026-08-25
tr_n_a_2025_0726,2025 test block,2025 primary,TR,2025-07-25,2025-08-05,2025,12.0,28.75,29.75,39.25,40.75,1.5,14143.0,59,12,0.0,0.0129,17596.7,True,True,True,True,True,True,gate_results_w1_testA_2026-08-25.csv,frozen gate (see criteria),205.0,88.0,True,True,True,False,False,,,,,test_A_2025,,,2026-08-25
pt_medelim_2025_0728,2025 test block,2025 primary,PT,2025-07-27,2025-08-07,2025,12.0,-8.0,-6.75,39.25,40.5,1.5625,14760.0,59,12,0.0,0.0059,9902.6,True,True,True,True,True,True,gate_results_w1_testA_2026-08-25.csv,frozen gate (see criteria),205.0,120.0,True,True,True,False,False,,,,,test_A_2025,,,2026-08-25
pt_real_2025_0728,2025 test block,2025 descriptive-only (pixel-disjointness drop),PT,2025-07-27,2025-08-08,2025,13.0,-8.75,-7.75,40.5,41.5,1.0,9289.0,209,13,0.0,0.0058,23557.1,True,True,True,True,True,True,gate_results_w1_testA_2026-08-25.csv,frozen gate (see criteria),229.0,223.0,True,False,False,True,True,pt_trancoso_sao_pedro_2025_0808,0.6667,,,test_A_2025,,,2026-08-25
pt_pena_quinta_e_vila_2025_0803,2025 test block,2025 descriptive-only (pixel-disjointness drop),PT,2025-08-02,2025-08-12,2025,11.0,-8.25,-7.25,41.0,41.75,0.75,6927.0,190,11,0.0,0.0067,14643.7,True,True,True,True,True,True,gate_results_e21_2026-08-25.csv,frozen gate (see criteria),181.0,174.0,True,False,False,False,True,pt_real_2025_0728,0.7818,,,test_A_2025,,,2026-08-25
fr_coustouge_2025_0805,2025 test block,2025 primary,FR,2025-08-04,2025-08-14,2025,11.0,2.25,3.25,42.5,43.5,1.0,9002.0,67,11,0.0,0.0058,45093.3,True,True,True,True,True,True,gate_results_2026-08-24.csv,frozen gate (see criteria),181.0,133.0,True,True,True,False,False,,,,,test_A_2025,,,2026-08-24
al_finiq_2025_0806,2025 test block,2025 primary,AL,2025-08-05,2025-08-22,2025,18.0,19.5,20.75,39.25,41.25,2.5,23486.0,159,18,0.0,0.0031,23080.9,True,True,True,True,True,True,gate_results_w1_testA_2026-08-25.csv,frozen gate (see criteria),349.0,211.0,True,True,True,False,False,,,,,test_A_2025,,,2026-08-25
es_avila_2025_0808,2025 test block,2025 descriptive-only (pixel-disjointness drop),ES,2025-08-07,2025-08-24,2025,18.0,-5.0,-4.0,40.25,41.0,0.75,7007.0,29,18,0.0,0.0361,6235.1,True,True,True,True,True,True,gate_results_w1_testA_2026-08-25.csv,frozen gate (see criteria),349.0,47.0,True,False,False,False,True,es_navaconcejo_2025_0812,0.7273,,,test_A_2025,,,2026-08-25
es_caceres_2025_0808,2025 test block,2025 descriptive-only (pixel-disjointness drop),ES,2025-08-07,2025-08-24,2025,18.0,-7.25,-6.0,39.0,40.0,1.25,11872.0,67,18,0.0,0.0069,15132.7,True,True,True,True,True,True,gate_results_w1_testA_2026-08-25.csv,frozen gate (see criteria),349.0,107.0,True,False,False,False,True,es_navaconcejo_2025_0812,0.2286,,,test_A_2025,,,2026-08-25
es_rua_a_2025_0808,2025 test block,2025 sensitivity-only,ES,2025-08-07,2025-08-26,2025,20.0,-8.0,-6.0,41.5,43.0,3.0,27333.0,432,20,0.0,0.0132,145235.2,True,True,True,True,True,True,gate_results_w1_testA_2026-08-25.csv,frozen gate (see criteria),397.0,397.0,True,False,True,True,False,,,,,test_A_2025,,,2026-08-25
gr_n37e21_2025_0808,2025 test block,2025 primary,GR,2025-08-07,2025-08-22,2025,16.0,21.25,22.25,37.25,38.75,1.5,14549.0,52,16,0.0,0.0274,12067.8,True,True,True,True,True,True,gate_results_w1_testA_2026-08-25.csv,frozen gate (see criteria),301.0,132.0,True,True,True,False,False,,,,,test_A_2025,,,2026-08-25
pt_trancoso_sao_pedro_2025_0808,2025 test block,2025 sensitivity-only,PT,2025-08-07,2025-08-24,2025,18.0,-8.0,-6.75,40.25,41.5,1.5625,14542.0,363,18,0.0,0.0125,137281.5,True,True,True,True,True,True,gate_results_w1_testA_2026-08-25.csv,frozen gate (see criteria),349.0,349.0,True,False,True,True,False,,,,,test_A_2025,,,2026-08-25
tr_n_a_2025_0808,2025 test block,2025 primary,TR,2025-08-07,2025-08-25,2025,19.0,25.75,27.0,39.5,41.0,1.875,17614.0,52,19,0.0,0.0491,16324.3,True,True,True,True,True,True,gate_results_w1_testA_2026-08-25.csv,frozen gate (see criteria),373.0,139.0,True,True,True,False,False,,,,,test_A_2025,,,2026-08-25
es_villablino_2025_0809,2025 test block,2025 descriptive-only (pixel-disjointness drop),ES,2025-08-08,2025-08-18,2025,11.0,-6.75,-6.0,42.5,43.5,0.75,6751.0,193,11,0.0,0.0074,22020.4,True,True,True,True,True,True,gate_results_e21_2026-08-25.csv,frozen gate (see criteria),181.0,181.0,True,False,False,False,True,es_peranzanes_2025_0810,0.914,,,test_A_2025,,,2026-08-25
es_buron_2025_0810,2025 test block,2025 primary,ES,2025-08-09,2025-08-25,2025,17.0,-5.25,-4.25,42.25,43.75,1.5,13503.0,215,17,0.0,0.0067,48308.0,True,True,True,True,True,True,gate_results_w1_testA_2026-08-25.csv,frozen gate (see criteria),325.0,291.0,True,True,True,False,False,,,,,test_A_2025,,,2026-08-25
es_peranzanes_2025_0810,2025 test block,2025 descriptive-only (pixel-disjointness drop),ES,2025-08-09,2025-08-19,2025,11.0,-7.0,-6.25,42.5,43.25,0.5625,5074.0,214,11,0.0,0.0096,28507.2,True,True,True,True,True,True,gate_results_e21_2026-08-25.csv,frozen gate (see criteria),181.0,181.0,True,False,False,False,True,es_rua_a_2025_0808,0.8056,,,test_A_2025,,,2026-08-25
es_una_de_quintana_2025_0810,2025 test block,2025 descriptive-only (pixel-disjointness drop),ES,2025-08-09,2025-08-19,2025,11.0,-6.5,-5.5,41.75,42.75,1.0,9111.0,166,11,0.0,0.0202,29807.7,True,True,True,True,True,True,gate_results_e21_2026-08-25.csv,frozen gate (see criteria),181.0,179.0,True,False,False,False,True,es_rua_a_2025_0808,0.8943,,,test_A_2025,,,2026-08-25
me_n_a_2025_0810,2025 test block,2025 primary,ME,2025-08-09,2025-08-27,2025,19.0,18.25,19.75,41.75,43.25,2.25,20419.0,76,19,0.0,0.0,5089.7,True,True,True,True,True,True,gate_results_w1_testA_2026-08-25.csv,frozen gate (see criteria),373.0,130.0,True,True,True,False,False,,,,,test_A_2025,,,2026-08-25
ba_n_a_2025_0811,2025 test block,2025 descriptive-only (pixel-disjointness drop),BA,2025-08-10,2025-08-29,2025,20.0,17.5,18.75,42.5,43.5,1.25,11252.0,39,20,0.0,0.0,1877.2,True,True,True,True,True,True,gate_results_w1_testA_2026-08-25.csv,frozen gate (see criteria),397.0,125.0,True,False,False,False,True,me_n_a_2025_0810,0.1765,,,test_A_2025,,,2026-08-25
mk_jegunovce_2025_0811,2025 test block,2025 primary,MK,2025-08-10,2025-08-22,2025,13.0,20.75,21.5,41.5,42.5,0.75,6860.0,67,13,0.0,0.0,5488.9,True,True,True,True,True,True,gate_results_w1_testA_2026-08-25.csv,frozen gate (see criteria),229.0,147.0,True,True,True,False,False,,,,,test_A_2025,,,2026-08-25
es_navaconcejo_2025_0812,2025 test block,2025 primary,ES,2025-08-11,2025-08-22,2025,12.0,-6.5,-4.5,39.25,40.75,3.0,28287.0,204,12,0.0,0.008,15299.9,True,True,True,True,True,True,gate_results_w1_testA_2026-08-25.csv,frozen gate (see criteria),205.0,200.0,True,True,True,False,False,,,,,test_A_2025,,,2026-08-25
gr_n38e20_2025_0812,2025 test block,2025 non-evaluable (< 5 fire-active windows),GR,2025-08-11,2025-08-21,2025,11.0,20.5,21.25,38.75,39.75,0.75,7149.0,36,11,0.0,0.0123,8043.2,True,True,True,True,True,True,gate_results_2026-08-24.csv,frozen gate (see criteria),181.0,0.0,False,True,True,False,False,,,,,test_A_2025,,,2026-08-24
es_oimbra_2025_0813,2025 test block,2025 descriptive-only (pixel-disjointness drop),ES,2025-08-12,2025-08-24,2025,13.0,-8.0,-7.0,41.5,42.5,1.0,9147.0,215,13,0.0,0.0165,80110.1,True,True,True,True,True,True,gate_results_w1_testA_2026-08-25.csv,frozen gate (see criteria),229.0,220.0,True,False,False,False,True,es_rua_a_2025_0808,1.0,,,test_A_2025,,,2026-08-25
es_puertas_2025_0813,2025 test block,2025 primary,ES,2025-08-12,2025-08-22,2025,11.0,-6.75,-5.75,40.5,41.5,1.0,9289.0,35,11,0.0,0.0043,16427.2,True,True,True,True,True,True,gate_results_2026-08-24.csv,frozen gate (see criteria),181.0,66.0,True,True,True,False,False,,,,,test_A_2025,,,2026-08-24
es_llerena_2025_0814,2025 test block,2025 primary,ES,2025-08-13,2025-08-24,2025,12.0,-7.25,-5.25,37.75,38.75,2.0,19332.0,42,12,0.0,0.0075,17714.4,True,True,True,True,True,True,gate_results_w1_testA_2026-08-25.csv,frozen gate (see criteria),205.0,41.0,True,True,True,False,False,,,,,test_A_2025,,,2026-08-25
pt_lousa_e_vilarinho_2025_0814,2025 test block,2025 descriptive-only (pixel-disjointness drop),PT,2025-08-13,2025-08-23,2025,11.0,-8.5,-7.75,39.75,40.5,0.5625,5294.0,189,11,0.0,0.0142,76800.3,True,True,True,True,True,True,gate_results_e21_2026-08-25.csv,frozen gate (see criteria),181.0,172.0,True,False,False,False,True,pt_trancoso_sao_pedro_2025_0808,0.2283,,,test_A_2025,,,2026-08-25
es_carballeda_de_avia_2025_0815,2025 test block,2025 descriptive-only (pixel-disjointness drop),ES,2025-08-14,2025-08-24,2025,11.0,-8.5,-7.75,42.0,42.75,0.5625,5115.0,80,11,0.0,0.0028,17442.0,True,True,True,True,True,True,gate_results_e21_2026-08-25.csv,frozen gate (see criteria),181.0,104.0,True,False,False,False,True,es_rua_a_2025_0808,0.3333,,,test_A_2025,,,2026-08-25
pt_ervededo_2025_0819,2025 test block,2025 descriptive-only (pixel-disjointness drop),PT,2025-08-18,2025-08-28,2025,11.0,-8.0,-7.0,41.5,42.25,0.75,6874.0,121,11,0.0,0.0135,37839.0,True,True,True,True,True,True,gate_results_e21_2026-08-25.csv,frozen gate (see criteria),181.0,130.0,True,False,False,False,True,es_oimbra_2025_0813,1.0,,,test_A_2025,,,2026-08-25
es_murias_de_paredes_2025_0821,2025 test block,2025 descriptive-only (pixel-disjointness drop),ES,2025-08-20,2025-08-30,2025,11.0,-6.75,-5.75,42.25,43.25,1.0,9039.0,195,11,0.0,0.006,17220.6,True,True,True,True,True,True,gate_results_e21_2026-08-25.csv,frozen gate (see criteria),181.0,169.0,True,False,False,False,True,es_rua_a_2025_0808,0.7849,,,test_A_2025,,,2026-08-25
pt_vale_das_fontes_2025_0828,2025 test block,2025 primary,PT,2025-08-27,2025-09-06,2025,11.0,-7.5,-6.75,41.25,42.25,0.75,6887.0,26,11,0.0,0.0166,13797.1,True,True,True,True,True,True,gate_results_e21_2026-08-25.csv,frozen gate (see criteria),181.0,47.0,True,True,True,False,False,,,,,test_A_2025,,,2026-08-25
pt_lazarim_2025_0908,2025 test block,2025 primary,PT,2025-09-07,2025-09-28,2025,22.0,-8.25,-7.0,40.5,42.25,2.1875,20205.0,141,21,0.0,0.0,6101.6,True,True,True,True,True,True,gate_results_w1_testA_2026-08-25.csv,frozen gate (see criteria),445.0,329.0,True,True,True,False,False,,,,,test_A_2025,,,2026-08-25
es_soba_2026_0224,2026 test block,2026 exploratory,ES,2026-02-23,2026-03-05,2026,11.0,-4.25,-3.25,42.75,43.75,1.0,8965.0,38,10,0.0,0.0,3073.8,True,True,True,True,True,True,gate_results_2026-08-24.csv,PASS,181.0,77.0,True,,,False,False,,,,,test_B_2026,,,2026-08-24
es_san_bartolome_de_l_2026_0605,2026 test block,2026 exploratory,ES,2026-06-04,2026-06-14,2026,11.0,-7.5,-6.5,37.0,38.0,1.0,9765.0,33,11,0.0,0.0123,9065.4,True,True,True,True,True,True,gate_results_2026-08-24.csv,PASS,181.0,85.0,True,,,False,False,,,,,test_B_2026,,,2026-08-24
pt_cambra_e_carvalhal_2026_0702,2026 test block,2026 exploratory,PT,2026-07-01,2026-07-11,2026,11.0,-8.75,-7.75,40.25,41.0,0.75,7007.0,100,10,0.0,0.017,47924.6,True,True,True,True,True,True,gate_results_2026-08-24.csv,PASS,181.0,128.0,True,,,False,False,,,,,test_B_2026,,,2026-08-24
fr_solaure_en_diois_2026_0703,2026 test block,2026 exploratory,FR,2026-07-02,2026-07-12,2026,11.0,5.0,5.75,44.25,45.25,0.75,6556.0,64,11,0.0,0.0014,7233.3,True,True,True,True,True,True,gate_results_2026-08-24.csv,PASS,181.0,122.0,True,,,False,False,,,,,test_B_2026,,,2026-08-24
fr_montalba_le_chatea_2026_0704,2026 test block,2026 exploratory,FR,2026-07-03,2026-07-13,2026,11.0,2.25,3.0,42.25,43.0,0.5625,5094.0,81,11,0.0,0.0102,17805.8,True,True,True,True,True,True,gate_results_2026-08-24.csv,PASS,181.0,122.0,True,,,False,False,,,,,test_B_2026,,,2026-08-24
dz_n_a_2026_0706,2026 test block,2026 exploratory,DZ,2026-07-05,2026-07-15,2026,11.0,-2.0,1.0,34.0,35.75,5.25,53015.0,93,11,0.0,0.0087,18876.6,True,True,True,True,True,True,gate_results_2026-08-24.csv,PASS,181.0,137.0,True,,,False,False,,,,,test_B_2026,,,2026-08-24
dz_n_a_2026_0708,2026 test block,2026 exploratory,DZ,2026-07-07,2026-07-17,2026,11.0,6.0,8.75,36.0,37.5,4.125,40682.0,119,11,0.0,0.005,23426.8,True,True,True,True,True,True,gate_results_2026-08-24.csv,PASS,181.0,170.0,True,,,False,False,,,,,test_B_2026,,,2026-08-24
es_gallardos_los_2026_0709,2026 test block,2026 exploratory,ES,2026-07-08,2026-07-18,2026,11.0,-2.5,-1.5,36.75,37.5,0.75,7360.0,40,11,0.0,0.0186,16490.5,True,True,True,True,True,True,gate_results_2026-08-24.csv,PASS,181.0,32.0,True,,,False,False,,,,,test_B_2026,,,2026-08-24
dz_n_a_2026_0712,2026 test block,2026 exploratory,DZ,2026-07-11,2026-07-21,2026,11.0,4.25,6.25,36.0,37.0,2.0,19789.0,115,11,0.0,0.0063,10438.9,True,True,True,True,True,True,gate_results_2026-08-24.csv,PASS,181.0,168.0,True,,,False,False,,,,,test_B_2026,,,2026-08-24
it_bivona_2026_0714,2026 test block,2026 exploratory,IT,2026-07-13,2026-07-23,2026,11.0,12.75,15.5,36.75,38.5,4.8125,46916.0,161,10,0.0114,0.0029,13592.1,True,True,True,True,True,True,gate_results_2026-08-24.csv,PASS,178.0,172.0,True,,,False,False,,,,,test_B_2026,,,2026-08-24
tn_n_a_2026_0714,2026 test block,2026 exploratory,TN,2026-07-13,2026-07-23,2026,11.0,8.0,9.25,35.75,36.75,1.25,12408.0,110,10,0.0114,0.0053,13891.6,True,True,True,True,True,True,gate_results_2026-08-24.csv,PASS,178.0,139.0,True,,,False,False,,,,,test_B_2026,,,2026-08-24
es_luesia_2026_0715,2026 test block,2026 exploratory,ES,2026-07-14,2026-07-24,2026,11.0,-1.5,-0.5,41.75,42.75,1.0,9111.0,87,10,0.0114,0.0166,37023.7,True,True,True,True,True,True,gate_results_2026-08-24.csv,PASS,178.0,134.0,True,,,False,False,,,,,test_B_2026,,,2026-08-24
dz_n_a_2026_0716,2026 test block,2026 exploratory,DZ,2026-07-15,2026-07-25,2026,11.0,3.25,4.25,35.75,37.0,1.25,12388.0,66,10,0.0114,0.0089,13097.8,True,True,True,True,True,True,gate_results_2026-08-24.csv,PASS,178.0,117.0,True,,,False,False,,,,,test_B_2026,,,2026-08-24
es_mierla_la_2026_0716,2026 test block,2026 exploratory,ES,2026-07-15,2026-07-25,2026,11.0,-4.5,-2.5,40.5,41.5,2.0,18579.0,138,10,0.0114,0.0151,46236.1,True,True,True,True,True,True,gate_results_2026-08-24.csv,PASS,178.0,138.0,True,,,False,False,,,,,test_B_2026,,,2026-08-24
es_navaluenga_2026_0722,2026 test block,2026 exploratory,ES,2026-07-21,2026-07-31,2026,11.0,-5.25,-3.75,40.0,41.0,1.5,14039.0,118,10,0.0114,0.0223,65652.6,True,True,True,True,True,True,gate_results_2026-08-24.csv,PASS,178.0,112.0,True,,,False,False,,,,,test_B_2026,,,2026-08-24
es_valdesamario_2026_0722,2026 test block,2026 exploratory,ES,2026-07-21,2026-07-31,2026,11.0,-7.25,-5.5,42.25,43.25,1.75,15817.0,158,10,0.0114,0.0076,14590.5,True,True,True,True,True,True,gate_results_2026-08-24.csv,PASS,178.0,171.0,True,,,False,False,,,,,test_B_2026,,,2026-08-24
fr_porge_2026_0722,2026 test block,2026 exploratory,FR,2026-07-21,2026-07-31,2026,11.0,-1.5,-0.5,44.0,45.25,1.25,10950.0,73,10,0.0114,0.0346,18034.4,True,True,True,True,True,True,gate_results_2026-08-24.csv,PASS,178.0,93.0,True,,,False,False,,,,,test_B_2026,,,2026-08-24
pt_vilarandelo_2026_0722,2026 test block,2026 exploratory,PT,2026-07-21,2026-07-31,2026,11.0,-8.0,-6.75,41.0,42.25,1.5625,14376.0,89,10,0.0114,0.021,19321.7,True,True,True,True,True,True,gate_results_2026-08-24.csv,PASS,178.0,120.0,True,,,False,False,,,,,test_B_2026,,,2026-08-24
es_nules_2026_0725,2026 test block,2026 exploratory,ES,2026-07-24,2026-08-03,2026,11.0,-0.75,0.25,39.5,40.25,0.75,7085.0,77,11,0.0,0.028,16140.2,True,True,True,True,True,True,gate_results_2026-08-24.csv,PASS,181.0,78.0,True,,,False,False,,,,,test_B_2026,,,2026-08-24
pt_cerdeira_2026_0727,2026 test block,2026 exploratory,PT,2026-07-26,2026-08-05,2026,11.0,-7.5,-6.5,40.25,41.0,0.75,7007.0,46,11,0.0,0.0114,16340.6,True,True,True,True,True,True,gate_results_2026-08-24.csv,PASS,181.0,69.0,True,,,False,False,,,,,test_B_2026,,,2026-08-24
es_fermoselle_2026_0729,2026 test block,2026 exploratory,ES,2026-07-28,2026-08-07,2026,11.0,-6.75,-5.75,41.0,41.75,0.75,6927.0,27,11,0.0,0.0089,21729.2,True,True,True,True,True,True,gate_results_2026-08-24.csv,PASS,181.0,44.0,True,,,False,False,,,,,test_B_2026,,,2026-08-24
tr_n_a_2026_0729,2026 test block,2026 exploratory,TR,2026-07-28,2026-08-07,2026,11.0,29.0,29.75,36.25,37.0,0.5625,5557.0,53,11,0.0,0.015,19099.7,True,True,True,True,True,True,gate_results_2026-08-24.csv,PASS,181.0,65.0,True,,,False,False,,,,,test_B_2026,,,2026-08-24
tr_n_a_2026_0729_b,2026 test block,2026 exploratory,TR,2026-07-28,2026-08-07,2026,11.0,26.5,27.25,39.0,39.75,0.5625,5352.0,50,11,0.0,0.0109,10798.4,True,True,True,True,True,True,gate_results_2026-08-24.csv,PASS,181.0,55.0,True,,,False,False,,,,,test_B_2026,,,2026-08-24
gr_n37e22_2026_0731,2026 test block,2026 exploratory,GR,2026-07-30,2026-08-09,2026,11.0,22.25,23.75,37.25,38.75,2.25,21824.0,88,11,0.0,0.0275,14772.7,True,True,True,True,True,True,gate_results_2026-08-24.csv,PASS,181.0,72.0,True,,,False,False,,,,,test_B_2026,,,2026-08-24
es_niebla_2026_0807,2026 test block,2026 exploratory,ES,2026-08-06,2026-08-16,2026,11.0,-7.0,-6.0,37.0,38.0,1.0,9765.0,194,10,0.0,0.0166,50274.3,True,True,True,True,True,True,gate_results_2026-08-24.csv,PASS,181.0,151.0,True,,,False,False,,,,,test_B_2026,,,2026-08-24
pt_castedo_2026_0808,2026 test block,2026 exploratory,PT,2026-08-07,2026-08-17,2026,11.0,-8.0,-6.75,40.25,41.5,1.5625,14542.0,88,10,0.0,0.0044,7416.6,True,True,True,True,True,True,gate_results_2026-08-24.csv,PASS,181.0,123.0,True,,,False,False,,,,,test_B_2026,,,2026-08-24
ba_n_a_2026_0810,2026 test block,2026 exploratory,BA,2026-08-09,2026-08-19,2026,11.0,16.0,17.0,43.75,44.5,0.75,6627.0,68,9,0.0,0.0,8809.2,True,True,True,True,True,True,gate_results_2026-08-24.csv,PASS,181.0,151.0,True,,,False,False,,,,,test_B_2026,,,2026-08-24
es_penas_de_riglos_la_2026_0810,2026 test block,2026 exploratory,ES,2026-08-09,2026-08-19,2026,11.0,-1.25,-0.25,42.0,43.0,1.0,9075.0,106,9,0.0,0.0152,19197.4,True,True,True,True,True,True,gate_results_2026-08-24.csv,PASS,181.0,154.0,True,,,False,False,,,,,test_B_2026,,,2026-08-24
mk_prilep_2026_0812,2026 test block,2026 exploratory,MK,2026-08-11,2026-08-21,2026,11.0,21.0,22.0,40.75,41.5,0.75,6954.0,60,9,0.0,0.0,2793.1,True,True,True,True,True,True,gate_results_2026-08-24.csv,PASS,181.0,98.0,True,,,False,False,,,,,test_B_2026,,,2026-08-24
hr_knin_2026_0813,2026 test block,2026 exploratory,HR,2026-08-12,2026-08-22,2026,11.0,16.0,17.0,43.75,44.5,0.75,6627.0,88,10,0.0,0.0,8809.2,True,True,True,True,True,True,gate_results_2026-08-24.csv,PASS,181.0,150.0,True,,,False,False,,,,,test_B_2026,,,2026-08-24
al_puke_2026_0814,2026 test block,2026 exploratory,AL,2026-08-13,2026-08-23,2026,11.0,19.5,20.5,41.5,42.5,1.0,9147.0,72,10,0.0,0.0,3154.4,True,True,True,True,True,True,gate_results_2026-08-24.csv,PASS,181.0,111.0,True,,,False,False,,,,,test_B_2026,,,2026-08-24
es_pinofranqueado_2026_0818,2026 test block,2026 exploratory,ES,2026-08-17,2026-08-27,2026,11.0,-6.75,-6.0,40.0,40.75,0.5625,5275.0,62,6,0.3106,0.0058,25262.5,True,True,True,True,True,True,gate_results_2026-08-24.csv,PASS,99.0,73.0,True,,,False,False,,,,,test_B_2026,,,2026-08-24
peloponnese_2007,development,dev-train,GR,2007-08-24,2007-09-08,2007,16.0,21.5,22.5,37.0,38.0,1.0,9765.0,179,7,0.0365,0.0506,130687.7,True,True,True,True,True,True,frozen pool metrics; duration = window length,frozen gate (see criteria),,,,,,False,False,,,train,20260825.0,train,,,2026-03-31
evros_2011,development,dev-train,GR,2011-08-20,2011-09-02,2011,14.0,26.0,27.0,41.0,42.0,1.0,9219.0,39,6,0.1101,0.018,12629.4,True,True,True,True,True,True,frozen pool metrics; duration = window length,frozen gate (see criteria),,,,,,False,False,,,train,20260825.0,train,,,2026-03-31
es_valencia_2012,development,dev-train,ES,2012-06-28,2012-07-05,2012,8.0,-1.25,-0.25,38.75,39.75,1.0,9532.0,75,3,0.0781,0.0544,39644.0,True,True,True,True,True,True,frozen pool metrics; duration = window length,frozen gate (see criteria),,,,,,False,False,,,train,20260825.0,train,,,2026-03-31
pt_algarve_2012,development,dev-train,PT,2012-07-18,2012-07-25,2012,8.0,-8.25,-7.25,36.75,37.75,1.0,9798.0,78,7,0.0208,0.0512,37908.1,True,True,True,True,True,True,frozen pool metrics; duration = window length,frozen gate (see criteria),,,,,,False,False,,,train,20260825.0,train,,,2026-04-01
es_aragon_2015,development,dev-train,ES,2015-07-04,2015-07-11,2015,8.0,-1.5,-0.5,41.75,42.75,1.0,9111.0,65,6,0.0,0.0044,45589.3,True,True,True,True,True,True,frozen pool metrics; duration = window length,frozen gate (see criteria),,,,,,False,False,,,train,20260825.0,train,,,2026-03-31
es_andalucia2_2015,development,dev-train,ES,2015-07-06,2015-07-11,2015,6.0,-3.5,-2.75,37.25,38.25,0.75,7299.0,61,3,0.1319,0.0186,7589.5,True,True,True,True,True,True,frozen pool metrics; duration = window length,frozen gate (see criteria),,,,,,False,False,,,train,20260825.0,train,,,2026-03-31
it_gratteri_2016_0616,development,dev-train,IT,2016-06-15,2016-06-25,2016,11.0,13.5,14.5,37.5,38.5,1.0,9699.0,15,10,0.0,0.0,1805.9,True,True,True,True,True,True,gate_results_e23_2026-08-25.csv,frozen gate (see criteria),,,,,,False,False,,,train,20260825.0,dev_pool_2026,,,2026-08-25
it_dualchi_2016_0701,development,dev-train,IT,2016-06-30,2016-07-10,2016,11.0,8.5,9.25,39.75,40.75,0.75,7046.0,30,11,0.0,0.0012,8870.7,True,True,True,True,True,True,gate_results_e23_2026-08-25.csv,frozen gate (see criteria),,,,,,False,False,,,train,20260825.0,dev_pool_2026,,,2026-08-25
arganil_2016,development,dev-train,PT,2016-08-06,2016-08-14,2016,9.0,-8.25,-7.5,40.0,40.5,0.375,3523.0,42,7,0.0231,0.0,4334.3,True,True,True,True,True,True,frozen pool metrics; duration = window length,frozen gate (see criteria),,,,,,False,False,,,train,20260825.0,train,,,2026-03-31
fr_vitrolles_2016_0810,development,dev-train,FR,2016-08-09,2016-08-19,2016,11.0,4.75,5.75,43.0,43.75,0.75,6710.0,16,9,0.0,0.0288,16161.2,True,True,True,True,True,True,gate_results_e23_2026-08-25.csv,frozen gate (see criteria),,,,,,False,False,,,train,20260825.0,dev_pool_2026,,,2026-08-25
pt_algarve2_2016,development,dev-val,PT,2016-09-03,2016-09-08,2016,6.0,-9.0,-8.0,36.75,37.75,1.0,9798.0,58,4,0.1319,0.0127,12495.8,True,True,True,True,True,True,frozen pool metrics; duration = window length,frozen gate (see criteria),,,,,,False,False,,,val,20260825.0,train,,,2026-04-01
pedrogao_grande_2017,development,dev-train,PT,2017-06-17,2017-06-22,2017,6.0,-8.5,-7.75,39.75,40.25,0.375,3536.0,75,5,0.0,0.0549,37158.4,True,True,True,True,True,True,frozen pool metrics; duration = window length,frozen gate (see criteria),,,,,,False,False,,,train,20260825.0,train,high,Atlantic,2026-03-23
es_andalucia_2017,development,dev-train,ES,2017-06-25,2017-07-02,2017,8.0,-7.25,-6.25,36.75,37.75,1.0,9798.0,15,8,0.0,0.0048,4767.6,True,True,True,True,True,True,frozen pool metrics; duration = window length,frozen gate (see criteria),,,,,,False,False,,,train,20260825.0,train,,,2026-03-31
me_n_a_2017_0707,development,dev-train,ME,2017-07-06,2017-07-16,2017,11.0,18.25,20.0,41.75,43.25,2.625,23822.0,34,11,0.0,0.0,1196.5,True,True,True,True,True,True,gate_results_e23_2026-08-25.csv,frozen gate (see criteria),,,,,,False,False,,,train,20260825.0,dev_pool_2026,,,2026-08-25
pt_carvoeiro_2017_0717,development,dev-train,PT,2017-07-16,2017-08-01,2017,17.0,-8.5,-7.0,39.0,40.25,1.875,17776.0,165,16,0.0,0.0463,48555.8,True,True,True,True,True,True,gate_results_w1_dev_2026-08-25.csv,frozen gate (see criteria),,,,,,False,False,,,train,20260825.0,dev_pool_2026,,,2026-08-25
split_2017,development,dev-train,HR,2017-07-16,2017-07-24,2017,9.0,16.25,16.75,43.25,43.75,0.25,2232.0,19,9,0.0046,0.1053,9838.9,True,True,True,True,True,True,frozen pool metrics; duration = window length,frozen gate (see criteria),,,,,,False,False,,,train,20260825.0,val,low,Bora,2026-03-20
dz_n_a_2017_0729,development,dev-train,DZ,2017-07-28,2017-08-11,2017,15.0,7.25,9.0,36.0,37.25,2.1875,21609.0,188,13,0.0056,0.0353,57655.6,True,True,True,True,True,True,gate_results_w1_dev_2026-08-25.csv,frozen gate (see criteria),,,,,,False,False,,,train,20260825.0,dev_pool_2026,,,2026-08-25
hr_velebit_2017,development,dev-val,HR,2017-08-05,2017-08-10,2017,6.0,15.75,16.5,43.75,44.5,0.5625,4970.0,93,6,0.0,0.0027,5687.5,True,True,True,True,True,True,frozen pool metrics; duration = window length,frozen gate (see criteria),,,,,,False,False,,,val,20260825.0,train,,,2026-04-01
tn_n_a_2017_0808,development,dev-val,TN,2017-08-07,2017-08-17,2017,11.0,9.25,10.25,35.75,36.5,0.75,7457.0,24,11,0.0,0.0813,5609.4,True,True,True,True,True,True,gate_results_e23_2026-08-25.csv,frozen gate (see criteria),,,,,,False,False,,,val,20260825.0,dev_pool_2026,,,2026-08-25
hr_dalmatia_2017,development,dev-train,HR,2017-08-20,2017-08-24,2017,5.0,15.25,16.0,43.5,44.25,0.5625,4991.0,52,5,0.0,0.0086,10818.3,True,True,True,True,True,True,frozen pool metrics; duration = window length,frozen gate (see criteria),,,,,,False,False,,,train,20260825.0,train,,,2026-04-01
es_castilla2_2017,development,dev-train,ES,2017-08-21,2017-08-26,2017,6.0,-7.0,-6.0,41.75,42.75,1.0,9111.0,78,6,0.0,0.0387,44208.6,True,True,True,True,True,True,frozen pool metrics; duration = window length,frozen gate (see criteria),,,,,,False,False,,,train,20260825.0,train,,,2026-03-31
es_carballeda_de_avia_2017_1013,development,dev-val,ES,2017-10-12,2017-10-22,2017,11.0,-8.75,-7.75,41.75,42.75,1.0,9111.0,77,11,0.0,0.0116,34894.3,True,True,True,True,True,True,gate_results_e23_2026-08-25.csv,frozen gate (see criteria),,,,,,False,False,,,val,20260825.0,dev_pool_2026,,,2026-08-25
pt_campia_2017_1013,development,dev-train,PT,2017-10-12,2017-10-25,2017,14.0,-8.75,-7.75,40.25,41.25,1.0,9325.0,55,14,0.0,0.0333,29887.5,True,True,True,True,True,True,gate_results_w1_dev_2026-08-25.csv,frozen gate (see criteria),,,,,,False,False,,,train,20260825.0,dev_pool_2026,,,2026-08-25
pt_pinzio_2017_1014,development,dev-train,PT,2017-10-13,2017-10-23,2017,11.0,-7.5,-6.75,40.25,41.0,0.5625,5255.0,19,11,0.0,0.0154,25635.7,True,True,True,True,True,True,gate_results_e23_2026-08-25.csv,frozen gate (see criteria),,,,,,False,False,,,train,20260825.0,dev_pool_2026,,,2026-08-25
es_ibias_2017_1015,development,dev-train,ES,2017-10-14,2017-10-24,2017,11.0,-7.25,-6.5,42.75,43.5,0.5625,5053.0,51,11,0.0,0.0206,32800.7,True,True,True,True,True,True,gate_results_e23_2026-08-25.csv,frozen gate (see criteria),,,,,,False,False,,,train,20260825.0,dev_pool_2026,,,2026-08-25
es_soutomaior_2017_1015,development,dev-train,ES,2017-10-14,2017-10-25,2017,12.0,-9.0,-8.0,41.75,42.75,1.0,9111.0,41,12,0.0,0.0123,31377.2,True,True,True,True,True,True,gate_results_w1_dev_2026-08-25.csv,frozen gate (see criteria),,,,,,False,False,,,train,20260825.0,dev_pool_2026,,,2026-08-25
pt_queiriz_2017_1015,development,dev-train,PT,2017-10-14,2017-10-24,2017,11.0,-8.0,-7.0,40.25,41.25,1.0,9325.0,28,11,0.0,0.0252,39767.9,True,True,True,True,True,True,gate_results_e23_2026-08-25.csv,frozen gate (see criteria),,,,,,False,False,,,train,20260825.0,dev_pool_2026,,,2026-08-25
pt_raiva_pedorido_e_p_2017_1015,development,dev-train,PT,2017-10-14,2017-10-24,2017,11.0,-8.75,-8.0,40.5,41.5,0.75,6967.0,20,11,0.0,0.0788,27168.6,True,True,True,True,True,True,gate_results_e23_2026-08-25.csv,frozen gate (see criteria),,,,,,False,False,,,train,20260825.0,dev_pool_2026,,,2026-08-25
lousa_2017,development,dev-train,PT,2017-10-15,2017-10-20,2017,6.0,-8.75,-7.75,39.6,40.2,0.6,5666.0,17,5,0.0069,0.1033,54621.5,True,True,True,True,True,True,frozen pool metrics; duration = window length,frozen gate (see criteria),,,,,,False,False,,,train,20260825.0,train,,,2026-03-31
it_mompantero_2017_1018,development,dev-train,IT,2017-10-17,2017-11-01,2017,16.0,6.75,8.0,44.5,45.75,1.5625,13570.0,97,16,0.0,0.0093,7208.2,True,True,True,True,True,True,gate_results_w1_dev_2026-08-25.csv,frozen gate (see criteria),,,,,,False,False,,,train,20260825.0,dev_pool_2026,,,2026-08-25
monchique_2018,development,dev-train,PT,2018-08-03,2018-08-11,2018,8.0,-8.8,-8.2,37.2,37.6,0.24,2347.0,124,9,0.0,0.0376,43403.0,True,True,True,True,True,True,frozen pool metrics; duration = window length,frozen gate (see criteria),,,,,,False,False,,,train,20260825.0,train,high,Atlantic,2026-03-06
fr_mendive_2019_0214,development,dev-train,FR,2019-02-13,2019-02-25,2019,13.0,-1.5,-0.25,42.5,43.75,1.5625,14037.0,76,13,0.0,0.0,3987.5,True,True,True,True,True,True,gate_results_w1_dev_2026-08-25.csv,frozen gate (see criteria),,,,,,False,False,,,train,20260825.0,dev_pool_2026,,,2026-08-25
flix_2019,development,dev-train,ES,2019-06-22,2019-07-06,2019,15.0,0.2616,0.9054,40.9575,41.5972,0.4118,3810.0,23,10,0.0278,0.0018,20266.4,True,True,True,True,True,True,frozen pool metrics; duration = window length,frozen gate (see criteria),,,,,,False,False,,,train,20260825.0,train,medium,Tramontane,2026-03-16
dz_n_a_2019_0625,development,dev-train,DZ,2019-06-24,2019-07-05,2019,12.0,1.5,2.75,35.5,36.75,1.5625,15535.0,82,10,0.0069,0.0003,14601.8,True,True,True,True,True,True,gate_results_w1_dev_2026-08-25.csv,frozen gate (see criteria),,,,,,False,False,,,train,20260825.0,dev_pool_2026,,,2026-08-25
dz_n_a_2019_0801,development,dev-train,DZ,2019-07-31,2019-08-17,2019,18.0,6.25,8.0,36.0,37.25,2.1875,21609.0,113,17,0.0,0.0005,12501.6,True,True,True,True,True,True,gate_results_w1_dev_2026-08-25.csv,frozen gate (see criteria),,,,,,False,False,,,train,20260825.0,dev_pool_2026,,,2026-08-25
hr_civljane_2020_0401,development,dev-train,HR,2020-03-31,2020-04-18,2020,19.0,15.0,17.0,43.5,45.0,3.0,26450.0,74,16,0.0,0.0,3155.3,True,True,True,True,True,True,gate_results_w1_dev_2026-08-25.csv,frozen gate (see criteria),,,,,,False,False,,,train,20260825.0,dev_pool_2026,,,2026-08-25
ba_n_a_2020_0406,development,dev-train,BA,2020-04-05,2020-04-15,2020,11.0,16.0,17.0,43.5,44.5,1.0,8854.0,58,11,0.0,0.0,3155.3,True,True,True,True,True,True,gate_results_e23_2026-08-25.csv,frozen gate (see criteria),,,,,,False,False,,,train,20260825.0,dev_pool_2026,,,2026-08-25
ba_n_a_2020_0407,development,dev-train,BA,2020-04-06,2020-04-16,2020,11.0,17.5,18.25,43.0,43.75,0.5625,5033.0,96,11,0.0,0.0018,10870.2,True,True,True,True,True,True,gate_results_e23_2026-08-25.csv,frozen gate (see criteria),,,,,,False,False,,,train,20260825.0,dev_pool_2026,,,2026-08-25
ba_n_a_2020_0407_b,development,dev-train,BA,2020-04-06,2020-04-16,2020,11.0,17.75,18.5,42.5,43.5,0.75,6751.0,96,11,0.0,0.002,10563.1,True,True,True,True,True,True,gate_results_e23_2026-08-25.csv,frozen gate (see criteria),,,,,,False,False,,,train,20260825.0,dev_pool_2026,,,2026-08-25
ba_n_a_2020_0409,development,dev-val,BA,2020-04-08,2020-04-18,2020,11.0,16.5,17.5,43.75,44.5,0.75,6627.0,53,9,0.0,0.0,3362.7,True,True,True,True,True,True,gate_results_e23_2026-08-25.csv,frozen gate (see criteria),,,,,,False,False,,,val,20260825.0,dev_pool_2026,,,2026-08-25
me_n_a_2020_0727,development,dev-train,ME,2020-07-26,2020-08-12,2020,18.0,18.75,19.75,42.0,43.0,1.0,9075.0,31,18,0.0,0.0,1357.6,True,True,True,True,True,True,gate_results_w1_dev_2026-08-25.csv,frozen gate (see criteria),,,,,,False,False,,,train,20260825.0,dev_pool_2026,,,2026-08-25
dz_n_a_2020_0806,development,dev-train,DZ,2020-08-05,2020-08-21,2020,17.0,1.75,3.75,35.5,36.75,2.5,24855.0,125,17,0.0,0.0005,7998.7,True,True,True,True,True,True,gate_results_w1_dev_2026-08-25.csv,frozen gate (see criteria),,,,,,False,False,,,train,20260825.0,dev_pool_2026,,,2026-08-25
huelva_2020,development,dev-val,ES,2020-08-24,2020-09-05,2020,12.0,-7.111,-6.3907,37.3716,38.0573,0.4939,4809.0,93,10,0.0449,0.0031,22241.9,True,True,True,True,True,True,frozen pool metrics; duration = window length,frozen gate (see criteria),,,,,,False,False,,,val,20260825.0,train,medium,Atlantic,2026-03-16
it_san_vito_lo_capo_2020_0829,development,dev-train,IT,2020-08-28,2020-09-07,2020,11.0,12.25,13.75,37.75,38.5,1.125,10893.0,25,10,0.0,0.0,3961.1,True,True,True,True,True,True,gate_results_e23_2026-08-25.csv,frozen gate (see criteria),,,,,,False,False,,,train,20260825.0,dev_pool_2026,,,2026-08-25
hellin_2021,development,dev-train,ES,2021-07-22,2021-08-05,2021,15.0,-2.1112,-1.4986,38.1883,38.7561,0.3478,3352.0,18,10,0.0389,0.0369,10673.4,True,True,True,True,True,True,frozen pool metrics; duration = window length,frozen gate (see criteria),,,,,,False,False,,,train,20260825.0,train,medium,Levante,2026-03-16
bonarcado_2021,development,dev-val,IT,2021-07-24,2021-08-06,2021,13.0,8.2208,9.0098,39.8644,40.5273,0.523,4917.0,36,14,0.0,0.0114,7332.7,True,True,True,True,True,True,frozen pool metrics; duration = window length,frozen gate (see criteria),,,,,,False,False,,,val,20260825.0,train,low,Sirocco,2026-03-12
sardinia_2021,development,dev-train,IT,2021-07-24,2021-07-31,2021,7.0,8.5,9.5,40.0,40.8,0.8,7499.0,37,8,0.0,0.013,7374.5,True,True,True,True,True,True,frozen pool metrics; duration = window length,frozen gate (see criteria),,,,,,False,False,,,train,20260825.0,train,low,Sirocco,2026-03-06
tn_n_a_2021_0725,development,dev-train,TN,2021-07-24,2021-08-03,2021,11.0,8.0,8.75,36.0,36.75,0.5625,5575.0,71,11,0.0,0.0045,5723.6,True,True,True,True,True,True,gate_results_e23_2026-08-25.csv,frozen gate (see criteria),,,,,,False,False,,,train,20260825.0,dev_pool_2026,,,2026-08-25
antalya_2021,development,dev-train,TR,2021-07-28,2021-08-07,2021,10.0,30.89,32.0014,36.3904,37.3188,1.0318,10162.0,186,11,0.0,0.0146,26371.5,True,True,True,True,True,True,frozen pool metrics; duration = window length,frozen gate (see criteria),,,,,,False,False,,,train,20260825.0,train,medium,Etesian,2026-03-12
mugla_2021,development,dev-val,TR,2021-07-29,2021-08-09,2021,11.0,27.25,29.0,36.5,37.5,1.75,17203.0,207,12,0.0,0.0048,23164.9,True,True,True,True,True,True,frozen pool metrics; duration = window length,frozen gate (see criteria),,,,,,False,False,,,val,20260825.0,train,medium,Etesian,2026-03-20
north_macedonia_2021,development,dev-train,MK,2021-07-30,2021-08-15,2021,17.0,20.5,21.5,41.0,42.0,1.0,9219.0,30,17,0.0,0.0,3904.4,True,True,True,True,True,True,frozen pool metrics; duration = window length,frozen gate (see criteria),,,,,,False,False,,,train,20260825.0,train,low,Vardar,2026-03-23
evia_2021,development,dev-train,GR,2021-08-03,2021-08-12,2021,9.0,23.0,24.5,38.3,39.0,1.05,10093.0,78,9,0.0125,0.1211,5591.9,True,True,True,True,True,True,frozen pool metrics; duration = window length,frozen gate (see criteria),,,,,,False,False,,,train,20260825.0,train,low,Etesian,2026-03-06
manh_2021,development,dev-train,GR,2021-08-03,2021-08-16,2021,13.0,22.1285,22.8097,36.4618,37.1071,0.4396,4333.0,43,13,0.006,0.046,11788.3,True,True,True,True,True,True,frozen pool metrics; duration = window length,frozen gate (see criteria),,,,,,False,False,,,train,20260825.0,train,medium,Etesian,2026-03-12
olympia_2021,development,dev-train,GR,2021-08-03,2021-08-16,2021,13.0,21.2109,22.1522,37.3582,37.985,0.59,5748.0,88,3,0.1726,0.016,27637.5,True,True,True,True,True,True,frozen pool metrics; duration = window length,frozen gate (see criteria),,,,,,False,False,,,train,20260825.0,train,medium,Etesian,2026-03-12
ba_ljubinje_2021,development,dev-train,BA,2021-08-05,2021-08-15,2021,10.0,17.55,18.55,42.62,43.36,0.74,6663.0,70,11,0.0,0.004,8564.5,True,True,True,True,True,True,frozen pool metrics; duration = window length,frozen gate (see criteria),,,,,,False,False,,,train,20260825.0,train,low,Bora,2026-03-26
calabria_2021,development,dev-train,IT,2021-08-08,2021-08-22,2021,15.0,15.4173,16.4085,37.6917,38.494,0.7952,7704.0,124,5,0.0667,0.0038,16588.9,True,True,True,True,True,True,frozen pool metrics; duration = window length,frozen gate (see criteria),,,,,,False,False,,,train,20260825.0,train,medium,Sirocco,2026-03-16
kabylie_2021,development,dev-val,DZ,2021-08-09,2021-08-18,2021,9.0,3.5,5.5,36.25,37.0,1.5,14818.0,157,10,0.0,0.0,43870.1,True,True,True,True,True,True,frozen pool metrics; duration = window length,frozen gate (see criteria),,,,,,False,False,,,val,20260825.0,train,high,Sirocco,2026-03-20
san_trope_2021,development,dev-train,FR,2021-08-13,2021-08-25,2021,12.0,6.0737,6.7775,42.979,43.6303,0.4584,4106.0,59,10,0.0224,0.0096,16722.9,True,True,True,True,True,True,frozen pool metrics; duration = window length,frozen gate (see criteria),,,,,,False,False,,,train,20260825.0,train,medium,Mistral,2026-03-16
jubrique_2021,development,dev-train,ES,2021-09-05,2021-09-17,2021,12.0,-5.502,-4.8627,36.2001,36.855,0.4187,4141.0,60,8,0.0962,0.0337,14784.2,True,True,True,True,True,True,frozen pool metrics; duration = window length,frozen gate (see criteria),,,,,,False,False,,,train,20260825.0,train,medium,Levante,2026-03-16
ba_trebinje_2022,development,dev-train,BA,2022-03-21,2022-03-31,2022,11.0,17.88,18.83,42.32,43.33,0.9595,8662.0,18,6,0.053,0.0,873.7,True,True,True,True,True,True,frozen pool metrics; duration = window length,frozen gate (see criteria),,,,,,False,False,,,train,20260825.0,train,low,Bora,2026-03-26
sierra_2022,development,dev-val,ES,2022-06-12,2022-06-25,2022,13.0,-6.6473,-5.7832,41.5929,42.2522,0.5697,5217.0,31,12,0.0238,0.0101,36259.0,True,True,True,True,True,True,frozen pool metrics; duration = window length,frozen gate (see criteria),,,,,,False,False,,,val,20260825.0,train,high,Atlantic,2026-03-16
landrillar_2022,development,dev-train,ES,2022-07-11,2022-07-24,2022,13.0,-6.6045,-5.8873,40.1806,40.8704,0.4947,4629.0,106,10,0.0417,0.0207,22107.6,True,True,True,True,True,True,frozen pool metrics; duration = window length,frozen gate (see criteria),,,,,,False,False,,,train,20260825.0,train,medium,Atlantic,2026-03-12
gironde_2022,development,dev-train,FR,2022-07-12,2022-07-22,2022,11.0,-1.25,-0.25,44.25,44.75,0.5,4390.0,170,11,0.0,0.0,17591.2,True,True,True,True,True,True,frozen pool metrics; duration = window length,frozen gate (see criteria),,,,,,False,False,,,train,20260825.0,train,medium,Atlantic,2026-03-20
ma_ksar_el_keb_2022,development,dev-train,MA,2022-07-13,2022-07-23,2022,10.0,-6.06,-5.34,34.74,35.68,0.6768,6806.0,104,11,0.0,0.0172,53764.5,True,True,True,True,True,True,frozen pool metrics; duration = window length,frozen gate (see criteria),,,,,,False,False,,,train,20260825.0,train,high,Chergui,2026-03-26
morocco_rif_2022,development,dev-val,MA,2022-07-13,2022-07-20,2022,8.0,-5.5,-4.0,34.75,35.5,1.125,11326.0,39,6,0.0677,0.0,2472.0,True,True,True,True,True,True,frozen pool metrics; duration = window length,frozen gate (see criteria),,,,,,False,False,,,val,20260825.0,train,,,2026-03-31
tabara_2022,development,dev-train,ES,2022-07-14,2022-07-25,2022,11.0,-6.5301,-5.4927,41.393,42.3128,0.9542,8748.0,71,5,0.0451,0.0161,50463.3,True,True,True,True,True,True,frozen pool metrics; duration = window length,frozen gate (see criteria),,,,,,False,False,,,train,20260825.0,train,high,Atlantic,2026-03-16
sameiro_2022,development,dev-train,PT,2022-08-06,2022-08-17,2022,11.0,-7.8161,-7.0356,40.0576,40.8087,0.5862,5492.0,187,5,0.0972,0.023,66971.6,True,True,True,True,True,True,frozen pool metrics; duration = window length,frozen gate (see criteria),,,,,,False,False,,,train,20260825.0,train,high,Atlantic,2026-03-12
bejis_2022,development,dev-train,ES,2022-08-08,2022-08-21,2022,13.0,-1.0595,-0.3529,39.5401,40.2254,0.4842,4574.0,79,5,0.0744,0.0106,21257.7,True,True,True,True,True,True,frozen pool metrics; duration = window length,frozen gate (see criteria),,,,,,False,False,,,train,20260825.0,train,medium,Levante,2026-03-12
el_tarf_2022,development,dev-train,DZ,2022-08-14,2022-08-21,2022,8.0,8.0,9.5,36.5,37.25,1.125,11077.0,33,7,0.0052,0.0202,7333.8,True,True,True,True,True,True,frozen pool metrics; duration = window length,frozen gate (see criteria),,,,,,False,False,,,train,20260825.0,train,low,Sirocco,2026-03-23
castellon_2023,development,dev-train,ES,2023-03-23,2023-04-11,2023,20.0,-0.75,0.0,39.75,40.25,0.375,3536.0,69,20,0.0,0.0011,18714.6,True,True,True,True,True,True,frozen pool metrics; duration = window length,frozen gate (see criteria),,,,,,False,False,,,train,20260825.0,train,medium,Levante,2026-03-23
es_asturias_2023,development,dev-train,ES,2023-03-28,2023-04-07,2023,11.0,-7.02,-6.14,43.0,43.8,0.704,6296.0,34,9,0.0114,0.0,17047.0,True,True,True,True,True,True,frozen pool metrics; duration = window length,frozen gate (see criteria),,,,,,False,False,,,train,20260825.0,train,medium,Atlantic,2026-03-26
caceres_2023,development,dev-train,ES,2023-05-14,2023-05-23,2023,9.0,-6.7853,-6.0685,39.9682,40.5885,0.4446,4175.0,51,9,0.0,0.0086,32268.9,True,True,True,True,True,True,frozen pool metrics; duration = window length,frozen gate (see criteria),,,,,,False,False,,,train,20260825.0,val,high,Atlantic,2026-03-16
mandra_2023,development,dev-train,GR,2023-07-14,2023-07-26,2023,12.0,23.1524,23.814,37.7766,38.4434,0.4412,4272.0,110,4,0.0449,0.0013,14568.0,True,True,True,True,True,True,frozen pool metrics; duration = window length,frozen gate (see criteria),,,,,,False,False,,,train,20260825.0,val,medium,Etesian,2026-03-12
rhodes_2023,development,dev-train,GR,2023-07-18,2023-07-31,2023,13.0,27.621,28.3184,35.745,36.5239,0.5432,5400.0,157,4,0.0804,0.0018,19006.8,True,True,True,True,True,True,frozen pool metrics; duration = window length,frozen gate (see criteria),,,,,,False,False,,,train,20260825.0,val,medium,Etesian,2026-03-12
bejaia_2023,development,dev-val,DZ,2023-07-24,2023-08-02,2023,10.0,4.5,6.0,36.25,37.0,1.125,11113.0,52,6,0.0542,0.0018,17928.2,True,True,True,True,True,True,frozen pool metrics; duration = window length,frozen gate (see criteria),,,,,,False,False,,,val,20260825.0,val,,,2026-03-31
volos_2023,development,dev-train,GR,2023-07-24,2023-08-02,2023,9.0,22.4548,23.1486,38.9849,39.6732,0.4775,4547.0,42,7,0.0083,0.0062,13911.8,True,True,True,True,True,True,frozen pool metrics; duration = window length,frozen gate (see criteria),,,,,,False,False,,,train,20260825.0,test,medium,Etesian,2026-03-16
alexandroupolis_2023,development,dev-val,GR,2023-08-19,2023-08-28,2023,9.0,25.8,26.8,40.7,41.4,0.7,6498.0,127,5,0.1542,0.0055,28074.6,True,True,True,True,True,True,frozen pool metrics; duration = window length,frozen gate (see criteria),,,,,,False,False,,,val,20260825.0,val,medium,Etesian,2026-03-06
dz_n_a_2023_1018,development,dev-train,DZ,2023-10-17,2023-10-28,2023,12.0,4.5,5.5,36.25,37.0,0.75,7409.0,37,12,0.0,0.0059,9610.7,True,True,True,True,True,True,gate_results_w1_dev_2026-08-25.csv,frozen gate (see criteria),,,,,,False,False,,,train,20260825.0,dev_pool_2026,,,2026-08-25
mk_n42e22_2024,development,dev-train,MK,2024-07-14,2024-07-24,2024,11.0,21.74,22.45,41.29,41.93,0.4544,4182.0,110,9,0.0492,0.0031,5595.8,True,True,True,True,True,True,frozen pool metrics; duration = window length,frozen gate (see criteria),,,,,,False,False,,,train,20260825.0,train,low,Vardar,2026-03-26
mk_novaci_2024_0809,development,dev-train,MK,2024-08-08,2024-08-18,2024,11.0,20.75,22.0,40.5,42.0,1.875,17352.0,133,9,0.0152,0.0,5719.6,True,True,True,True,True,True,gate_results_e23_2026-08-25.csv,frozen gate (see criteria),,,,,,False,False,,,train,20260825.0,dev_pool_2026,,,2026-08-25
varnavas_2024,development,dev-train,GR,2024-08-11,2024-08-16,2024,5.0,23.7,24.2,38.1,38.5,0.2,1932.0,21,5,0.0833,0.0143,8150.7,True,True,True,True,True,True,frozen pool metrics; duration = window length,frozen gate (see criteria),,,,,,False,False,,,train,20260825.0,test,low,Etesian,2026-03-06
pt_reriz_e_gafanhao_2024_0904,development,dev-train,PT,2024-09-03,2024-09-27,2024,25.0,-9.0,-7.0,39.75,42.25,5.0,46447.0,216,25,0.0,0.0037,150228.9,True,True,True,True,True,True,gate_results_w1_dev_2026-08-25.csv,frozen gate (see criteria),,,,,,False,False,,,train,20260825.0,dev_pool_2026,,,2026-08-25
valmaior_2024,development,dev-train,PT,2024-09-14,2024-09-27,2024,13.0,-8.8075,-8.0525,40.3387,41.0879,0.5656,5277.0,110,11,0.0952,0.0004,48673.1,True,True,True,True,True,True,frozen pool metrics; duration = window length,frozen gate (see criteria),,,,,,False,False,,,train,20260825.0,test,high,Atlantic,2026-03-12
corinthos_2024,development,dev-train,GR,2024-09-27,2024-10-05,2024,8.0,22.1338,22.8302,37.7872,38.3813,0.4137,4008.0,15,6,0.0278,0.0,2159.8,True,True,True,True,True,True,frozen pool metrics; duration = window length,frozen gate (see criteria),,,,,,False,False,,,train,20260825.0,test,low,Etesian,2026-03-16
